id,name,aliases,ranked_default_status,source_status,champions_confirmed,available_formats,strict_M_B_status,current_format_status,types,hp,atk,def,spa,spd,spe,abilities,move_count,role_hints
abomasnow,Abomasnow,Abomasnow; abomasnow,ranked_allowed_champions_confirmed,confirmed,True,M-A,needs_check,M-A:confirmed; M-B:needs_check,Grass|Ice,90,92,75,92,85,60,Snow Warning; Soundproof,65,slow/bulky; bulky; Protect; Rain Dance
absol,Absol,Absol; absol,ranked_allowed_champions_confirmed,confirmed,True,M-A,needs_check,M-A:confirmed; M-B:needs_check,Dark,65,130,60,75,60,75,Pressure; Super Luck; Justified,71,physical attacker; Protect; Rain Dance
aegislash,Aegislash,Aegislash; aegislash,ranked_allowed_champions_confirmed,confirmed,True,M-A,needs_check,M-A:confirmed; M-B:needs_check,Steel|Ghost,60,50,140,50,140,60,Stance Change,45,slow/bulky; bulky; Protect; Wide Guard; Rain Dance; Reflect
aegislashblade,Aegislash (Blade),Aegislash (Blade); aegislashblade,ranked_allowed_champions_confirmed,confirmed,True,M-A,needs_check,M-A:confirmed; M-B:needs_check,Steel|Ghost,60,140,50,140,50,60,Stance Change,62,slow/bulky; physical attacker; special attacker; Protect; Rain Dance; Reflect
aegislashshield,Aegislash (Shield),Aegislash (Shield); aegislashshield,ranked_allowed_champions_confirmed,confirmed,True,M-A,needs_check,M-A:confirmed; M-B:needs_check,Steel|Ghost,60,50,140,50,140,60,Stance Change,62,slow/bulky; bulky; Protect; Rain Dance; Reflect
aerodactyl,Aerodactyl,Aerodactyl; aerodactyl,ranked_allowed_champions_confirmed,confirmed,True,M-A,needs_check,M-A:confirmed; M-B:needs_check,Rock|Flying,80,105,65,60,75,130,Rock Head; Pressure; Unnerve,58,fast; Protect; Wide Guard; Tailwind; Rain Dance
aggron,Aggron,Aggron; aggron,ranked_allowed_champions_confirmed,confirmed,True,M-A,needs_check,M-A:confirmed; M-B:needs_check,Steel|Rock,70,110,180,60,60,50,Sturdy; Rock Head; Heavy Metal,83,slow/bulky; physical attacker; bulky; Protect; Rain Dance
alakazam,Alakazam,Alakazam; alakazam,ranked_allowed_champions_confirmed,confirmed,True,M-A,needs_check,M-A:confirmed; M-B:needs_check,Psychic,55,50,45,135,95,120,Synchronize; Inner Focus; Magic Guard,60,fast; special attacker; Protect; Trick Room; Rain Dance; Reflect; Light Screen
alcremie,Alcremie,Alcremie; alcremie,ranked_allowed_champions_confirmed,confirmed,True,M-A,needs_check,M-A:confirmed; M-B:needs_check,Fairy,65,60,75,110,121,64,Sweet Veil; Aroma Veil,49,special attacker; bulky; Protect; Light Screen
ninetalesalola,Alolan Ninetales,Alolan Ninetales; alolanninetales; ninetalesalola,ranked_allowed_champions_confirmed,confirmed,True,M-A,needs_check,M-A:confirmed; M-B:needs_check,Ice|Fairy,73,67,75,81,100,109,Snow Cloak; Snow Warning,64,bulky; Protect; Rain Dance
raichualola,Alolan Raichu,Alolan Raichu; alolanraichu; raichualola,ranked_allowed_champions_confirmed,confirmed,True,M-A,needs_check,M-A:confirmed; M-B:needs_check,Electric|Psychic,60,85,50,95,85,110,Surge Surfer,73,fast; Protect; Fake Out; Rain Dance; Reflect; Light Screen
altaria,Altaria,Altaria; altaria,ranked_allowed_champions_confirmed,confirmed,True,M-A,needs_check,M-A:confirmed; M-B:needs_check,Dragon|Flying,75,70,90,70,105,80,Natural Cure; Cloud Nine,65,bulky; Protect; Tailwind; Rain Dance
ampharos,Ampharos,Ampharos; ampharos,ranked_allowed_champions_confirmed,confirmed,True,M-A,needs_check,M-A:confirmed; M-B:needs_check,Electric,90,75,85,115,90,55,Static; Plus,67,slow/bulky; special attacker; bulky; Protect; Rain Dance; Reflect; Light Screen
annihilape,Annihilape,Annihilape; annihilape,ranked_allowed_champions_confirmed,confirmed,True,M-B,confirmed,M-A:needs_check; M-B:confirmed,Fighting|Ghost,110,115,80,50,90,90,Vital Spirit; Inner Focus; Defiant,75,physical attacker; bulky; Protect; Rain Dance
appletun,Appletun,Appletun; appletun,ranked_allowed_champions_confirmed,confirmed,True,M-A,needs_check,M-A:confirmed; M-B:needs_check,Grass|Dragon,110,85,80,100,80,30,Ripen; Gluttony; Thick Fat,51,slow/bulky; bulky; Protect; Rain Dance; Reflect; Light Screen
araquanid,Araquanid,Araquanid; araquanid,ranked_allowed_champions_confirmed,confirmed,True,M-A,needs_check,M-A:confirmed; M-B:needs_check,Water|Bug,68,70,92,50,132,42,Water Bubble; Water Absorb,51,slow/bulky; bulky; Protect; Wide Guard; Rain Dance; Reflect
arbok,Arbok,Arbok; arbok,ranked_allowed_champions_confirmed,confirmed,True,M-A,needs_check,M-A:confirmed; M-B:needs_check,Poison,60,95,69,65,79,80,Intimidate; Shed Skin; Unnerve,70,Protect; Rain Dance
arcanine,Arcanine,Arcanine; arcanine,ranked_allowed_champions_confirmed,confirmed,True,M-A,needs_check,M-A:confirmed; M-B:needs_check,Fire,90,110,80,100,80,95,Intimidate; Flash Fire; Justified,67,physical attacker; bulky; Protect
archaludon,Archaludon,Archaludon; archaludon,ranked_allowed_champions_confirmed,confirmed,True,M-A,needs_check,M-A:confirmed; M-B:needs_check,Steel|Dragon,90,105,130,125,65,85,Stamina; Sturdy; Stalwart,51,special attacker; bulky; Protect; Reflect; Light Screen
ariados,Ariados,Ariados; ariados,ranked_allowed_champions_confirmed,confirmed,True,M-A,needs_check,M-A:confirmed; M-B:needs_check,Bug|Poison,70,90,70,60,70,40,Swarm; Insomnia; Sniper,64,slow/bulky; Protect
armarouge,Armarouge,Armarouge; armarouge,ranked_allowed_champions_confirmed,confirmed,True,M-A,needs_check,M-A:confirmed; M-B:needs_check,Fire|Psychic,85,60,100,125,80,75,Flash Fire; Weak Armor,55,special attacker; bulky; Protect; Wide Guard; Trick Room; Reflect; Light Screen
aromatisse,Aromatisse,Aromatisse; aromatisse,ranked_allowed_champions_confirmed,confirmed,True,M-A,needs_check,M-A:confirmed; M-B:needs_check,Fairy,101,72,72,99,89,29,Healer; Aroma Veil,48,slow/bulky; bulky; Protect; Trick Room; Rain Dance; Reflect; Light Screen
audino,Audino,Audino; audino,ranked_allowed_champions_confirmed,confirmed,True,M-A,needs_check,M-A:confirmed; M-B:needs_check,Normal,103,60,86,60,86,50,Healer; Regenerator; Klutz,69,slow/bulky; bulky; Protect; Trick Room; Rain Dance; Reflect; Light Screen
aurorus,Aurorus,Aurorus; aurorus,ranked_allowed_champions_confirmed,confirmed,True,M-A,needs_check,M-A:confirmed; M-B:needs_check,Rock|Ice,123,77,72,99,92,58,Refrigerate; Snow Warning,56,slow/bulky; bulky; Protect; Rain Dance; Reflect; Light Screen
avalugg,Avalugg,Avalugg; avalugg,ranked_allowed_champions_confirmed,confirmed,True,M-A,needs_check,M-A:confirmed; M-B:needs_check,Ice,95,117,184,44,46,28,Own Tempo; Ice Body; Sturdy,57,slow/bulky; physical attacker; bulky; Protect; Wide Guard; Rain Dance
azumarill,Azumarill,Azumarill; azumarill,ranked_allowed_champions_confirmed,confirmed,True,M-A,needs_check,M-A:confirmed; M-B:needs_check,Water|Fairy,100,50,80,60,80,50,Thick Fat; Huge Power; Sap Sipper,66,slow/bulky; bulky; Protect; Rain Dance; Light Screen
banette,Banette,Banette; banette,ranked_allowed_champions_confirmed,confirmed,True,M-A,needs_check,M-A:confirmed; M-B:needs_check,Ghost,64,115,65,83,63,65,Insomnia; Frisk; Cursed Body,66,physical attacker; Protect; Trick Room; Rain Dance
barbaracle,Barbaracle,Barbaracle; barbaracle,ranked_allowed_champions_confirmed,confirmed,True,M-B,confirmed,M-A:needs_check; M-B:confirmed,Rock|Water,72,105,115,54,86,68,Tough Claws; Sniper; Pickpocket,71,bulky; Protect; Rain Dance
basculegion,Basculegion,Basculegion; basculegion,ranked_allowed_champions_confirmed,confirmed,True,M-A,needs_check,M-A:confirmed; M-B:needs_check,Water|Ghost,120,112,65,80,75,78,Swift Swim; Adaptability; Mold Breaker,49,physical attacker; bulky; Protect; Rain Dance
basculegionfemale,Basculegion (Female),Basculegion (Female); Basculegion Female; Basculegion-Female; basculegionfemale,ranked_allowed_champions_confirmed,confirmed,True,M-A,needs_check,M-A:confirmed; M-B:needs_check,Water|Ghost,120,92,65,100,75,78,Swift Swim; Adaptability; Mold Breaker,49,bulky; Protect; Rain Dance
bastiodon,Bastiodon,Bastiodon; bastiodon,ranked_allowed_champions_confirmed,confirmed,True,M-A,needs_check,M-A:confirmed; M-B:needs_check,Rock|Steel,60,52,168,47,138,30,Sturdy; Soundproof,68,slow/bulky; bulky; Protect; Wide Guard; Rain Dance; Reflect
beartic,Beartic,Beartic; beartic,ranked_allowed_champions_confirmed,confirmed,True,M-A,needs_check,M-A:confirmed; M-B:needs_check,Ice,95,130,80,70,80,50,Snow Cloak; Slush Rush; Swift Swim,75,slow/bulky; physical attacker; bulky; Protect; Rain Dance
beedrill,Beedrill,Beedrill; beedrill,ranked_allowed_champions_confirmed,confirmed,True,M-A,needs_check,M-A:confirmed; M-B:needs_check,Bug|Poison,65,90,40,45,80,75,Swarm; Sniper,53,Protect
bellibolt,Bellibolt,Bellibolt; bellibolt,ranked_allowed_champions_confirmed,confirmed,True,M-A,needs_check,M-A:confirmed; M-B:needs_check,Electric,109,64,91,103,83,45,Electromorphosis; Static; Damp,39,slow/bulky; bulky; Protect; Rain Dance; Reflect; Light Screen
blastoise,Blastoise,Blastoise; blastoise,ranked_allowed_champions_confirmed,confirmed,True,M-A,needs_check,M-A:confirmed; M-B:needs_check,Water,79,83,100,85,105,78,Torrent; Rain Dish,73,bulky; Protect; Fake Out; Rain Dance
blaziken,Blaziken,Blaziken; blaziken,ranked_allowed_champions_confirmed,confirmed,True,M-B,confirmed,M-A:needs_check; M-B:confirmed,Fire|Fighting,80,120,70,110,70,80,Blaze; Speed Boost,78,physical attacker; special attacker; Protect
camerupt,Camerupt,Camerupt; camerupt,ranked_allowed_champions_confirmed,confirmed,True,M-A,needs_check,M-A:confirmed; M-B:needs_check,Fire|Ground,70,100,70,105,75,40,Magma Armor; Solid Rock; Anger Point,67,slow/bulky; Protect; Rain Dance
castform,Castform,Castform; castform,ranked_allowed_champions_confirmed,confirmed,True,M-A,needs_check,M-A:confirmed; M-B:needs_check,Normal,70,70,70,70,70,70,Forecast,37,Protect; Rain Dance
ceruledge,Ceruledge,Ceruledge; ceruledge,ranked_allowed_champions_confirmed,confirmed,True,M-A,needs_check,M-A:confirmed; M-B:needs_check,Fire|Ghost,75,125,80,60,100,85,Flash Fire; Weak Armor,55,physical attacker; bulky; Protect; Reflect; Light Screen
chandelure,Chandelure,Chandelure; chandelure,ranked_allowed_champions_confirmed,confirmed,True,M-A,needs_check,M-A:confirmed; M-B:needs_check,Ghost|Fire,60,55,90,145,90,80,Flash Fire; Flame Body; Infiltrator,54,special attacker; Protect; Trick Room
charizard,Charizard,Charizard; charizard,ranked_allowed_champions_confirmed,confirmed,True,M-A,needs_check,M-A:confirmed; M-B:needs_check,Fire|Flying,78,84,78,109,85,100,Blaze; Solar Power,72,Protect
chesnaught,Chesnaught,Chesnaught; chesnaught,ranked_allowed_champions_confirmed,confirmed,True,M-A,needs_check,M-A:confirmed; M-B:needs_check,Grass|Fighting,88,107,122,74,75,64,Overgrow; Bulletproof,87,bulky; Protect; Wide Guard; Rain Dance; Reflect
chimecho,Chimecho,Chimecho; chimecho,ranked_allowed_champions_confirmed,confirmed,True,M-A,needs_check,M-A:confirmed; M-B:needs_check,Psychic,75,50,80,95,90,65,Levitate,65,Protect; Trick Room; Rain Dance; Reflect; Light Screen
clawitzer,Clawitzer,Clawitzer; clawitzer,ranked_allowed_champions_confirmed,confirmed,True,M-A,needs_check,M-A:confirmed; M-B:needs_check,Water,71,73,88,120,89,59,Mega Launcher,52,slow/bulky; special attacker; Protect; Rain Dance
clefable,Clefable,Clefable; clefable,ranked_allowed_champions_confirmed,confirmed,True,M-A,needs_check,M-A:confirmed; M-B:needs_check,Fairy,95,70,73,95,90,60,Cute Charm; Magic Guard; Unaware,91,slow/bulky; bulky; Protect; Follow Me; Rain Dance; Reflect; Light Screen
cofagrigus,Cofagrigus,Cofagrigus; cofagrigus,ranked_allowed_champions_confirmed,confirmed,True,M-A,needs_check,M-A:confirmed; M-B:needs_check,Ghost,58,50,145,95,105,30,Mummy,54,slow/bulky; bulky; Protect; Trick Room; Rain Dance
conkeldurr,Conkeldurr,Conkeldurr; conkeldurr,ranked_allowed_champions_confirmed,confirmed,True,M-A,needs_check,M-A:confirmed; M-B:needs_check,Fighting,105,140,95,55,65,45,Guts; Sheer Force; Iron Fist,61,slow/bulky; physical attacker; bulky; Protect; Wide Guard; Rain Dance
corviknight,Corviknight,Corviknight; corviknight,ranked_allowed_champions_confirmed,confirmed,True,M-A,needs_check,M-A:confirmed; M-B:needs_check,Flying|Steel,98,87,105,53,85,67,Pressure; Unnerve; Mirror Armor,55,bulky; Protect; Tailwind; Rain Dance; Reflect; Light Screen
crabominable,Crabominable,Crabominable; crabominable,ranked_allowed_champions_confirmed,confirmed,True,M-A,needs_check,M-A:confirmed; M-B:needs_check,Fighting|Ice,97,132,77,62,67,43,Hyper Cutter; Iron Fist; Anger Point,63,slow/bulky; physical attacker; bulky; Protect; Wide Guard; Rain Dance
decidueye,Decidueye,Decidueye; decidueye,ranked_allowed_champions_confirmed,confirmed,True,M-A,needs_check,M-A:confirmed; M-B:needs_check,Grass|Ghost,78,107,75,100,100,70,Overgrow; Long Reach,79,bulky; Protect; Tailwind; Rain Dance; Light Screen
dedenne,Dedenne,Dedenne; dedenne,ranked_allowed_champions_confirmed,confirmed,True,M-A,needs_check,M-A:confirmed; M-B:needs_check,Electric|Fairy,67,58,57,81,67,101,Cheek Pouch; Pickup; Plus,50,Protect; Rain Dance; Light Screen
delphox,Delphox,Delphox; delphox,ranked_allowed_champions_confirmed,confirmed,True,M-A,needs_check,M-A:confirmed; M-B:needs_check,Fire|Psychic,75,69,72,114,100,104,Blaze; Magician,72,special attacker; bulky; Protect; Trick Room; Rain Dance; Reflect; Light Screen
diggersby,Diggersby,Diggersby; diggersby,ranked_allowed_champions_confirmed,confirmed,True,M-A,needs_check,M-A:confirmed; M-B:needs_check,Normal|Ground,85,56,77,50,77,78,Pickup; Cheek Pouch; Huge Power,58,Protect
ditto,Ditto,Ditto; ditto,ranked_allowed_champions_confirmed,confirmed,True,M-A,needs_check,M-A:confirmed; M-B:needs_check,Normal,48,48,48,48,48,48,Limber; Imposter,1,slow/bulky
dragalge,Dragalge,Dragalge; dragalge,ranked_allowed_champions_confirmed,confirmed,True,M-B,confirmed,M-A:needs_check; M-B:confirmed,Poison|Dragon,65,75,90,97,123,44,Poison Point; Poison Touch; Adaptability,52,slow/bulky; bulky; Protect; Rain Dance
dragapult,Dragapult,Dragapult; dragapult,ranked_allowed_champions_confirmed,confirmed,True,M-A,needs_check,M-A:confirmed; M-B:needs_check,Dragon|Ghost,88,120,75,100,75,142,Clear Body; Infiltrator; Cursed Body,63,fast; physical attacker; Protect; Reflect; Light Screen
dragonite,Dragonite,Dragonite; dragonite,ranked_allowed_champions_confirmed,confirmed,True,M-A,needs_check,M-A:confirmed; M-B:needs_check,Dragon|Flying,91,134,95,100,100,80,Inner Focus; Multiscale,83,physical attacker; bulky; Protect; Tailwind; Rain Dance; Light Screen
drampa,Drampa,Drampa; drampa,ranked_allowed_champions_confirmed,confirmed,True,M-A,needs_check,M-A:confirmed; M-B:needs_check,Normal|Dragon,78,60,85,135,91,36,Berserk; Sap Sipper; Cloud Nine,66,slow/bulky; special attacker; Protect; Rain Dance; Light Screen
eelektross,Eelektross,Eelektross; eelektross,ranked_allowed_champions_confirmed,confirmed,True,M-B,confirmed,M-A:needs_check; M-B:confirmed,Electric,85,115,80,105,80,50,Levitate,75,slow/bulky; physical attacker; Protect; Rain Dance; Light Screen
emboar,Emboar,Emboar; emboar,ranked_allowed_champions_confirmed,confirmed,True,M-A,needs_check,M-A:confirmed; M-B:needs_check,Fire|Fighting,110,123,65,100,65,65,Blaze; Reckless,79,physical attacker; bulky; Protect
emolga,Emolga,Emolga; emolga,ranked_allowed_champions_confirmed,confirmed,True,M-A,needs_check,M-A:confirmed; M-B:needs_check,Electric|Flying,55,75,60,75,60,103,Static; Motor Drive,46,Protect; Rain Dance; Light Screen
empoleon,Empoleon,Empoleon; empoleon,ranked_allowed_champions_confirmed,confirmed,True,M-A,needs_check,M-A:confirmed; M-B:needs_check,Water|Steel,84,86,88,111,101,60,Torrent; Competitive,74,slow/bulky; special attacker; bulky; Protect; Rain Dance
espathra,Espathra,Espathra; espathra,ranked_allowed_champions_confirmed,confirmed,True,M-A,needs_check,M-A:confirmed; M-B:needs_check,Psychic,95,60,60,101,60,105,Opportunist; Frisk; Speed Boost,57,bulky; Protect; Trick Room; Rain Dance; Reflect; Light Screen
espeon,Espeon,Espeon; espeon,ranked_allowed_champions_confirmed,confirmed,True,M-A,needs_check,M-A:confirmed; M-B:needs_check,Psychic,65,65,60,130,95,110,Synchronize; Magic Bounce,67,fast; special attacker; Protect; Trick Room; Rain Dance; Reflect; Light Screen
excadrill,Excadrill,Excadrill; excadrill,ranked_allowed_champions_confirmed,confirmed,True,M-A,needs_check,M-A:confirmed; M-B:needs_check,Ground|Steel,110,135,60,50,65,88,Sand Rush; Sand Force; Mold Breaker,53,physical attacker; bulky; Protect
falinks,Falinks,Falinks; falinks,ranked_allowed_champions_confirmed,confirmed,True,M-B,confirmed,M-A:needs_check; M-B:confirmed,Fighting,65,100,100,70,60,75,Battle Armor; Defiant,51,bulky; Protect; Rain Dance
rotomfan,Fan Rotom,Fan Rotom; fanrotom; rotomfan,ranked_allowed_champions_confirmed,confirmed,True,M-A,needs_check,M-A:confirmed; M-B:needs_check,Electric|Flying,50,65,107,105,107,86,Levitate,66,bulky; Protect; Rain Dance; Reflect; Light Screen
farigiraf,Farigiraf,Farigiraf; farigiraf,ranked_allowed_champions_confirmed,confirmed,True,M-A,needs_check,M-A:confirmed; M-B:needs_check,Normal|Psychic,120,90,70,110,70,60,Cud Chew; Armor Tail; Sap Sipper,70,slow/bulky; special attacker; bulky; Protect; Trick Room; Rain Dance; Reflect; Light Screen
feraligatr,Feraligatr,Feraligatr; feraligatr,ranked_allowed_champions_confirmed,confirmed,True,M-A,needs_check,M-A:confirmed; M-B:needs_check,Water,85,105,100,79,83,78,Torrent; Sheer Force,82,bulky; Protect; Rain Dance
flapple,Flapple,Flapple; flapple,ranked_allowed_champions_confirmed,confirmed,True,M-A,needs_check,M-A:confirmed; M-B:needs_check,Grass|Dragon,70,110,80,95,60,70,Ripen; Gluttony; Hustle,44,physical attacker; Protect
flareon,Flareon,Flareon; flareon,ranked_allowed_champions_confirmed,confirmed,True,M-A,needs_check,M-A:confirmed; M-B:needs_check,Fire,65,130,60,95,110,65,Flash Fire; Guts,57,physical attacker; bulky; Protect; Rain Dance
floette,Floette,Floette; floette,ranked_allowed_champions_confirmed,confirmed,True,M-A,needs_check,M-A:confirmed; M-B:needs_check,Fairy,54,45,47,75,98,52,Flower Veil; Symbiosis,41,slow/bulky; Protect; Rain Dance; Light Screen
florges,Florges,Florges; florges,ranked_allowed_champions_confirmed,confirmed,True,M-A,needs_check,M-A:confirmed; M-B:needs_check,Fairy,78,65,68,112,154,75,Flower Veil; Symbiosis,46,special attacker; bulky; Protect; Rain Dance; Light Screen
forretress,Forretress,Forretress; forretress,ranked_allowed_champions_confirmed,confirmed,True,M-A,needs_check,M-A:confirmed; M-B:needs_check,Bug|Steel,75,90,140,60,60,40,Sturdy; Overcoat,69,slow/bulky; bulky; Protect; Rain Dance; Reflect; Light Screen
froslass,Froslass,Froslass; froslass,ranked_allowed_champions_confirmed,confirmed,True,M-A,needs_check,M-A:confirmed; M-B:needs_check,Ice|Ghost,70,80,70,80,70,110,Snow Cloak; Cursed Body,68,fast; Protect; Rain Dance; Reflect; Light Screen
rotomfrost,Frost Rotom,Frost Rotom; frostrotom; rotomfrost,ranked_allowed_champions_confirmed,confirmed,True,M-A,needs_check,M-A:confirmed; M-B:needs_check,Electric|Ice,50,65,107,105,107,86,Levitate,66,bulky; Protect; Rain Dance; Reflect; Light Screen
furfrou,Furfrou,Furfrou; furfrou,ranked_allowed_champions_confirmed,confirmed,True,M-A,needs_check,M-A:confirmed; M-B:needs_check,Normal,75,80,60,65,90,102,Fur Coat,40,Protect; Rain Dance
slowbrogalar,Galarian Slowbro,Galarian Slowbro; galarianslowbro; slowbrogalar,ranked_allowed_champions_confirmed,confirmed,True,M-A,needs_check,M-A:confirmed; M-B:needs_check,Poison|Psychic,95,100,95,100,70,30,Quick Draw; Own Tempo; Regenerator,90,slow/bulky; bulky; Protect; Trick Room; Rain Dance; Light Screen
slowkinggalar,Galarian Slowking,Galarian Slowking; galarianslowking; slowkinggalar,ranked_allowed_champions_confirmed,confirmed,True,M-A,needs_check,M-A:confirmed; M-B:needs_check,Poison|Psychic,95,65,80,110,110,30,Curious Medicine; Own Tempo; Regenerator,95,slow/bulky; special attacker; bulky; Protect; Trick Room; Rain Dance; Light Screen
stunfiskgalar,Galarian Stunfisk,Galarian Stunfisk; galarianstunfisk; stunfiskgalar,ranked_allowed_champions_confirmed,confirmed,True,M-A,needs_check,M-A:confirmed; M-B:needs_check,Ground|Steel,109,81,99,66,84,32,Mimicry,52,slow/bulky; bulky; Protect; Rain Dance
gallade,Gallade,Gallade; gallade,ranked_allowed_champions_confirmed,confirmed,True,M-A,needs_check,M-A:confirmed; M-B:needs_check,Psychic|Fighting,68,125,65,65,115,80,Steadfast; Sharpness; Justified,105,physical attacker; bulky; Protect; Wide Guard; Trick Room; Rain Dance; Reflect; Light Screen
garbodor,Garbodor,Garbodor; garbodor,ranked_allowed_champions_confirmed,confirmed,True,M-A,needs_check,M-A:confirmed; M-B:needs_check,Poison,80,95,82,60,82,75,Stench; Weak Armor; Aftermath,53,Protect; Rain Dance
garchomp,Garchomp,Garchomp; garchomp,ranked_allowed_champions_confirmed,confirmed,True,M-A,needs_check,M-A:confirmed; M-B:needs_check,Dragon|Ground,108,130,95,80,85,102,Sand Veil; Rough Skin,58,physical attacker; bulky; Protect; Rain Dance
gardevoir,Gardevoir,Gardevoir; gardevoir,ranked_allowed_champions_confirmed,confirmed,True,M-A,needs_check,M-A:confirmed; M-B:needs_check,Psychic|Fairy,68,65,65,125,115,80,Synchronize; Trace; Telepathy,80,special attacker; bulky; Protect; Trick Room; Rain Dance; Reflect; Light Screen
garganacl,Garganacl,Garganacl; garganacl,ranked_allowed_champions_confirmed,confirmed,True,M-A,needs_check,M-A:confirmed; M-B:needs_check,Rock,100,100,130,45,90,35,Purifying Salt; Sturdy; Clear Body,54,slow/bulky; bulky; Protect; Wide Guard; Rain Dance
gengar,Gengar,Gengar; gengar,ranked_allowed_champions_confirmed,confirmed,True,M-A,needs_check,M-A:confirmed; M-B:needs_check,Ghost|Poison,60,65,60,130,75,110,Cursed Body,76,fast; special attacker; Protect; Trick Room; Rain Dance
gholdengo,Gholdengo,Gholdengo; gholdengo,ranked_allowed_champions_confirmed,confirmed,True,M-B,confirmed,M-A:needs_check; M-B:confirmed,Steel|Ghost,87,60,95,133,91,84,Good as Gold,42,special attacker; Protect; Reflect; Light Screen
glaceon,Glaceon,Glaceon; glaceon,ranked_allowed_champions_confirmed,confirmed,True,M-A,needs_check,M-A:confirmed; M-B:needs_check,Ice,65,60,110,130,95,65,Snow Cloak; Ice Body,58,special attacker; bulky; Protect; Rain Dance
glalie,Glalie,Glalie; glalie,ranked_allowed_champions_confirmed,confirmed,True,M-A,needs_check,M-A:confirmed; M-B:needs_check,Ice,80,80,80,80,80,80,Inner Focus; Ice Body; Moody,54,Protect; Rain Dance; Light Screen
glimmora,Glimmora,Glimmora; glimmora,ranked_allowed_champions_confirmed,confirmed,True,M-A,needs_check,M-A:confirmed; M-B:needs_check,Rock|Poison,83,55,90,130,81,86,Toxic Debris; Corrosion,46,special attacker; Protect; Rain Dance; Reflect; Light Screen
gliscor,Gliscor,Gliscor; gliscor,ranked_allowed_champions_confirmed,confirmed,True,M-A,needs_check,M-A:confirmed; M-B:needs_check,Ground|Flying,75,95,125,45,75,95,Hyper Cutter; Sand Veil; Poison Heal,74,bulky; Protect; Tailwind; Rain Dance
golurk,Golurk,Golurk; golurk,ranked_allowed_champions_confirmed,confirmed,True,M-A,needs_check,M-A:confirmed; M-B:needs_check,Ground|Ghost,89,124,80,55,80,55,Iron Fist; Klutz; No Guard,78,slow/bulky; physical attacker; Protect; Rain Dance; Reflect
goodra,Goodra,Goodra; goodra,ranked_allowed_champions_confirmed,confirmed,True,M-A,needs_check,M-A:confirmed; M-B:needs_check,Dragon,90,100,70,110,150,80,Sap Sipper; Hydration; Gooey,77,special attacker; bulky; Protect; Rain Dance
gourgeist,Gourgeist,Gourgeist; gourgeist,ranked_allowed_champions_confirmed,confirmed,True,M-A,needs_check,M-A:confirmed; M-B:needs_check,Ghost|Grass,65,90,122,58,75,84,Pickup; Frisk; Insomnia,60,bulky; Protect; Trick Room; Light Screen
greninja,Greninja,Greninja; greninja,ranked_allowed_champions_confirmed,confirmed,True,M-A,needs_check,M-A:confirmed; M-B:needs_check,Water|Dark,72,95,67,103,71,122,Torrent; Protean,64,fast; Protect; Rain Dance
grimmsnarl,Grimmsnarl,Grimmsnarl; grimmsnarl,ranked_allowed_champions_confirmed,confirmed,True,M-B,confirmed,M-A:needs_check; M-B:confirmed,Dark|Fairy,95,120,65,95,75,60,Prankster; Frisk; Pickpocket,64,slow/bulky; physical attacker; bulky; Protect; Fake Out; Reflect; Light Screen
gyarados,Gyarados,Gyarados; gyarados,ranked_allowed_champions_confirmed,confirmed,True,M-A,needs_check,M-A:confirmed; M-B:needs_check,Water|Flying,95,125,79,60,100,81,Intimidate; Moxie,67,physical attacker; bulky; Protect; Rain Dance
hatterene,Hatterene,Hatterene; hatterene,ranked_allowed_champions_confirmed,confirmed,True,M-A,needs_check,M-A:confirmed; M-B:needs_check,Psychic|Fairy,57,90,95,136,103,29,Healer; Anticipation; Magic Bounce,59,slow/bulky; special attacker; bulky; Protect; Trick Room; Reflect; Light Screen
hawlucha,Hawlucha,Hawlucha; hawlucha,ranked_allowed_champions_confirmed,confirmed,True,M-A,needs_check,M-A:confirmed; M-B:needs_check,Fighting|Flying,78,92,75,74,63,118,Limber; Unburden; Mold Breaker,74,fast; Protect; Rain Dance
rotomheat,Heat Rotom,Heat Rotom; heatrotom; rotomheat,ranked_allowed_champions_confirmed,confirmed,True,M-A,needs_check,M-A:confirmed; M-B:needs_check,Electric|Fire,50,65,107,105,107,86,Levitate,66,bulky; Protect; Rain Dance; Reflect; Light Screen
heliolisk,Heliolisk,Heliolisk; heliolisk,ranked_allowed_champions_confirmed,confirmed,True,M-A,needs_check,M-A:confirmed; M-B:needs_check,Electric|Normal,62,55,52,109,94,109,Dry Skin; Sand Veil; Solar Power,63,Protect; Rain Dance; Light Screen
heracross,Heracross,Heracross; heracross,ranked_allowed_champions_confirmed,confirmed,True,M-A,needs_check,M-A:confirmed; M-B:needs_check,Bug|Fighting,80,125,75,40,95,85,Swarm; Guts; Moxie,66,physical attacker; Protect; Rain Dance
hippowdon,Hippowdon,Hippowdon; hippowdon,ranked_allowed_champions_confirmed,confirmed,True,M-A,needs_check,M-A:confirmed; M-B:needs_check,Ground,108,112,118,68,72,47,Sand Stream; Sand Force,51,slow/bulky; physical attacker; bulky; Protect
arcaninehisui,Hisuian Arcanine,Hisuian Arcanine; arcaninehisui; hisuianarcanine,ranked_allowed_champions_confirmed,confirmed,True,M-A,needs_check,M-A:confirmed; M-B:needs_check,Fire|Rock,95,115,80,95,80,90,Intimidate; Flash Fire; Rock Head,64,physical attacker; bulky; Protect
avalugghisui,Hisuian Avalugg,Hisuian Avalugg; avalugghisui; hisuianavalugg,ranked_allowed_champions_confirmed,confirmed,True,M-A,needs_check,M-A:confirmed; M-B:needs_check,Ice|Rock,95,127,184,34,36,38,Strong Jaw; Ice Body; Sturdy,49,slow/bulky; physical attacker; bulky; Protect; Wide Guard; Rain Dance
decidueyehisui,Hisuian Decidueye,Hisuian Decidueye; decidueyehisui; hisuiandecidueye,ranked_allowed_champions_confirmed,confirmed,True,M-A,needs_check,M-A:confirmed; M-B:needs_check,Grass|Fighting,88,112,80,95,95,60,Overgrow; Scrappy,66,slow/bulky; physical attacker; Protect; Tailwind; Rain Dance; Light Screen
goodrahisui,Hisuian Goodra,Hisuian Goodra; goodrahisui; hisuiangoodra,ranked_allowed_champions_confirmed,confirmed,True,M-A,needs_check,M-A:confirmed; M-B:needs_check,Steel|Dragon,80,100,100,110,150,60,Sap Sipper; Shell Armor; Gooey,63,slow/bulky; special attacker; bulky; Protect; Rain Dance
samurotthisui,Hisuian Samurott,Hisuian Samurott; hisuiansamurott; samurotthisui,ranked_allowed_champions_confirmed,confirmed,True,M-A,needs_check,M-A:confirmed; M-B:needs_check,Water|Dark,90,108,80,100,65,85,Torrent; Sharpness,67,bulky; Protect; Rain Dance
typhlosionhisui,Hisuian Typhlosion,Hisuian Typhlosion; hisuiantyphlosion; typhlosionhisui,ranked_allowed_champions_confirmed,confirmed,True,M-A,needs_check,M-A:confirmed; M-B:needs_check,Fire|Ghost,73,84,78,119,85,95,Blaze; Frisk,66,special attacker; Protect
zoroarkhisui,Hisuian Zoroark,Hisuian Zoroark; hisuianzoroark; zoroarkhisui,ranked_allowed_champions_confirmed,confirmed,True,M-A,needs_check,M-A:confirmed; M-B:needs_check,Normal|Ghost,55,100,60,125,60,110,Illusion,73,fast; special attacker; Protect; Rain Dance
houndoom,Houndoom,Houndoom; houndoom,ranked_allowed_champions_confirmed,confirmed,True,M-A,needs_check,M-A:confirmed; M-B:needs_check,Dark|Fire,75,90,50,110,80,95,Early Bird; Flash Fire; Unnerve,67,special attacker; Protect; Rain Dance
houndstone,Houndstone,Houndstone; houndstone,ranked_allowed_champions_confirmed,confirmed,True,M-B,confirmed,M-A:needs_check; M-B:confirmed,Ghost,72,101,100,50,97,68,Sand Rush; Fluffy,52,bulky; Protect; Rain Dance
hydrapple,Hydrapple,Hydrapple; hydrapple,ranked_allowed_champions_confirmed,confirmed,True,M-A,needs_check,M-A:confirmed; M-B:needs_check,Grass|Dragon,106,80,110,120,80,44,Supersweet Syrup; Regenerator; Sticky Hold,51,slow/bulky; special attacker; bulky; Protect; Rain Dance; Reflect
hydreigon,Hydreigon,Hydreigon; hydreigon,ranked_allowed_champions_confirmed,confirmed,True,M-A,needs_check,M-A:confirmed; M-B:needs_check,Dark|Dragon,92,105,90,125,90,98,Levitate,78,special attacker; bulky; Protect; Tailwind; Rain Dance; Reflect
incineroar,Incineroar,Incineroar; incineroar,ranked_allowed_champions_confirmed,confirmed,True,M-A,needs_check,M-A:confirmed; M-B:needs_check,Fire|Dark,95,115,90,80,90,60,Blaze; Intimidate,77,slow/bulky; physical attacker; bulky; Protect; Fake Out
infernape,Infernape,Infernape; infernape,ranked_allowed_champions_confirmed,confirmed,True,M-A,needs_check,M-A:confirmed; M-B:needs_check,Fire|Fighting,76,104,71,104,71,108,Blaze; Iron Fist,88,Protect; Fake Out
jolteon,Jolteon,Jolteon; jolteon,ranked_allowed_champions_confirmed,confirmed,True,M-A,needs_check,M-A:confirmed; M-B:needs_check,Electric,65,65,60,110,95,130,Volt Absorb; Quick Feet,59,fast; special attacker; Protect; Rain Dance; Light Screen
kangaskhan,Kangaskhan,Kangaskhan; kangaskhan,ranked_allowed_champions_confirmed,confirmed,True,M-A,needs_check,M-A:confirmed; M-B:needs_check,Normal,105,95,80,40,80,90,Early Bird; Scrappy; Inner Focus,67,bulky; Protect; Fake Out; Rain Dance
kingambit,Kingambit,Kingambit; kingambit,ranked_allowed_champions_confirmed,confirmed,True,M-A,needs_check,M-A:confirmed; M-B:needs_check,Dark|Steel,100,135,120,60,85,50,Defiant; Supreme Overlord; Pressure,52,slow/bulky; physical attacker; bulky; Protect; Rain Dance
kleavor,Kleavor,Kleavor; kleavor,ranked_allowed_champions_confirmed,confirmed,True,M-A,needs_check,M-A:confirmed; M-B:needs_check,Bug|Rock,70,135,95,45,70,85,Swarm; Sheer Force; Sharpness,56,physical attacker; Protect; Tailwind; Rain Dance; Light Screen
klefki,Klefki,Klefki; klefki,ranked_allowed_champions_confirmed,confirmed,True,M-A,needs_check,M-A:confirmed; M-B:needs_check,Steel|Fairy,57,80,91,80,87,75,Prankster; Magician,44,Protect; Trick Room; Rain Dance; Reflect; Light Screen
kommoo,Kommo-o,Kommo-o; kommoo,ranked_allowed_champions_confirmed,confirmed,True,M-A,needs_check,M-A:confirmed; M-B:needs_check,Dragon|Fighting,75,110,125,100,105,85,Bulletproof; Soundproof; Overcoat,78,physical attacker; bulky; Protect; Rain Dance
krookodile,Krookodile,Krookodile; krookodile,ranked_allowed_champions_confirmed,confirmed,True,M-A,needs_check,M-A:confirmed; M-B:needs_check,Ground|Dark,95,117,80,65,70,92,Intimidate; Moxie; Anger Point,83,physical attacker; bulky; Protect
leafeon,Leafeon,Leafeon; leafeon,ranked_allowed_champions_confirmed,confirmed,True,M-A,needs_check,M-A:confirmed; M-B:needs_check,Grass,65,110,130,60,65,95,Leaf Guard; Chlorophyll,58,physical attacker; bulky; Protect; Rain Dance
liepard,Liepard,Liepard; liepard,ranked_allowed_champions_confirmed,confirmed,True,M-A,needs_check,M-A:confirmed; M-B:needs_check,Dark,64,88,50,88,50,106,Limber; Unburden; Prankster,60,Protect; Fake Out; Rain Dance
lopunny,Lopunny,Lopunny; lopunny,ranked_allowed_champions_confirmed,confirmed,True,M-A,needs_check,M-A:confirmed; M-B:needs_check,Normal,65,76,84,54,96,105,Cute Charm; Klutz; Limber,76,Protect; Fake Out; Rain Dance
lucario,Lucario,Lucario; lucario,ranked_allowed_champions_confirmed,confirmed,True,M-A,needs_check,M-A:confirmed; M-B:needs_check,Fighting|Steel,70,110,70,115,70,90,Steadfast; Inner Focus; Justified,83,physical attacker; special attacker; Protect; Rain Dance
luxray,Luxray,Luxray; luxray,ranked_allowed_champions_confirmed,confirmed,True,M-A,needs_check,M-A:confirmed; M-B:needs_check,Electric,80,120,79,95,79,70,Rivalry; Intimidate; Guts,53,physical attacker; Protect; Rain Dance; Light Screen
lycanroc,Lycanroc,Lycanroc; lycanroc,ranked_allowed_champions_confirmed,confirmed,True,M-A,needs_check,M-A:confirmed; M-B:needs_check,Rock,75,115,65,55,65,112,Tough Claws,77,fast; physical attacker; Protect
lycanrocdusk,Lycanroc (Dusk),Lycanroc (Dusk); lycanrocdusk,ranked_allowed_champions_confirmed,confirmed,True,M-A,needs_check,M-A:confirmed; M-B:needs_check,Rock,75,117,65,55,65,110,Tough Claws,60,fast; physical attacker; Protect
lycanrocmidday,Lycanroc (Midday),Lycanroc (Midday); lycanrocmidday,ranked_allowed_champions_confirmed,confirmed,True,M-A,needs_check,M-A:confirmed; M-B:needs_check,Rock,75,115,65,55,65,112,Keen Eye; Sand Rush; Steadfast,58,fast; physical attacker; Protect
lycanrocmidnight,Lycanroc (Midnight),Lycanroc (Midnight); lycanrocmidnight,ranked_allowed_champions_confirmed,confirmed,True,M-A,needs_check,M-A:confirmed; M-B:needs_check,Rock,85,115,75,55,75,82,Keen Eye; Vital Spirit; No Guard,68,physical attacker; Protect
machamp,Machamp,Machamp; machamp,ranked_allowed_champions_confirmed,confirmed,True,M-A,needs_check,M-A:confirmed; M-B:needs_check,Fighting,90,130,80,65,85,55,Guts; No Guard; Steadfast,66,slow/bulky; physical attacker; bulky; Protect; Wide Guard; Rain Dance; Light Screen
malamar,Malamar,Malamar; malamar,ranked_allowed_champions_confirmed,confirmed,True,M-B,confirmed,M-A:needs_check; M-B:confirmed,Dark|Psychic,86,92,88,68,75,73,Contrary; Suction Cups; Infiltrator,68,Protect; Trick Room; Rain Dance; Reflect; Light Screen
mamoswine,Mamoswine,Mamoswine; mamoswine,ranked_allowed_champions_confirmed,confirmed,True,M-A,needs_check,M-A:confirmed; M-B:needs_check,Ice|Ground,110,130,80,70,60,80,Oblivious; Snow Cloak; Thick Fat,63,physical attacker; bulky; Protect; Rain Dance; Reflect
manectric,Manectric,Manectric; manectric,ranked_allowed_champions_confirmed,confirmed,True,M-A,needs_check,M-A:confirmed; M-B:needs_check,Electric,70,75,60,105,60,105,Static; Lightning Rod; Minus,49,Protect; Rain Dance; Light Screen
maushold,Maushold,Maushold; maushold,ranked_allowed_champions_confirmed,confirmed,True,M-A,needs_check,M-A:confirmed; M-B:needs_check,Normal,74,75,70,65,75,111,Friend Guard; Cheek Pouch; Technician,50,fast; Protect; Follow Me; Rain Dance
mawile,Mawile,Mawile; mawile,ranked_allowed_champions_confirmed,confirmed,True,M-B,confirmed,M-A:needs_check; M-B:confirmed,Steel|Fairy,50,85,85,55,55,50,Hyper Cutter; Intimidate; Sheer Force,71,slow/bulky; Protect; Rain Dance
medicham,Medicham,Medicham; medicham,ranked_allowed_champions_confirmed,confirmed,True,M-A,needs_check,M-A:confirmed; M-B:needs_check,Fighting|Psychic,60,60,75,60,75,80,Pure Power; Telepathy,77,Protect; Fake Out; Trick Room; Rain Dance; Reflect; Light Screen
abomasnowmega,Mega Abomasnow,Abomasnow Mega; Abomasnow-Mega; Mega Abomasnow; abomasnowmega; megaabomasnow,ranked_allowed_champions_confirmed,confirmed,True,M-A,needs_check,M-A:confirmed; M-B:needs_check,Grass|Ice,90,132,105,132,105,30,Snow Warning,65,slow/bulky; physical attacker; special attacker; bulky; Protect; Rain Dance
absolmega,Mega Absol,Absol Mega; Absol-Mega; Mega Absol; absolmega; megaabsol,ranked_allowed_champions_confirmed,confirmed,True,M-A,needs_check,M-A:confirmed; M-B:needs_check,Dark,65,150,60,115,60,115,Magic Bounce,71,fast; physical attacker; special attacker; Protect; Rain Dance
aerodactylmega,Mega Aerodactyl,Aerodactyl Mega; Aerodactyl-Mega; Mega Aerodactyl; aerodactylmega; megaaerodactyl,ranked_allowed_champions_confirmed,confirmed,True,M-A,needs_check,M-A:confirmed; M-B:needs_check,Rock|Flying,80,135,85,70,95,150,Tough Claws,58,fast; physical attacker; Protect; Wide Guard; Tailwind; Rain Dance
aggronmega,Mega Aggron,Aggron Mega; Aggron-Mega; Mega Aggron; aggronmega; megaaggron,ranked_allowed_champions_confirmed,confirmed,True,M-A,needs_check,M-A:confirmed; M-B:needs_check,Steel,70,140,230,60,80,50,Filter,83,slow/bulky; physical attacker; bulky; Protect; Rain Dance
alakazammega,Mega Alakazam,Alakazam Mega; Alakazam-Mega; Mega Alakazam; alakazammega; megaalakazam,ranked_allowed_champions_confirmed,confirmed,True,M-A,needs_check,M-A:confirmed; M-B:needs_check,Psychic,55,50,65,175,105,150,Trace,60,fast; special attacker; bulky; Protect; Trick Room; Rain Dance; Reflect; Light Screen
altariamega,Mega Altaria,Altaria Mega; Altaria-Mega; Mega Altaria; altariamega; megaaltaria,ranked_allowed_champions_confirmed,confirmed,True,M-A,needs_check,M-A:confirmed; M-B:needs_check,Dragon|Fairy,75,110,110,110,105,80,Pixilate,65,physical attacker; special attacker; bulky; Protect; Tailwind; Rain Dance
ampharosmega,Mega Ampharos,Ampharos Mega; Ampharos-Mega; Mega Ampharos; ampharosmega; megaampharos,ranked_allowed_champions_confirmed,confirmed,True,M-A,needs_check,M-A:confirmed; M-B:needs_check,Electric|Dragon,90,95,105,165,110,45,Mold Breaker,67,slow/bulky; special attacker; bulky; Protect; Rain Dance; Reflect; Light Screen
audinomega,Mega Audino,Audino Mega; Audino-Mega; Mega Audino; audinomega; megaaudino,ranked_allowed_champions_confirmed,confirmed,True,M-A,needs_check,M-A:confirmed; M-B:needs_check,Normal|Fairy,103,60,126,80,126,50,Healer,69,slow/bulky; bulky; Protect; Trick Room; Rain Dance; Reflect; Light Screen
banettemega,Mega Banette,Banette Mega; Banette-Mega; Mega Banette; banettemega; megabanette,ranked_allowed_champions_confirmed,confirmed,True,M-A,needs_check,M-A:confirmed; M-B:needs_check,Ghost,64,165,75,93,83,75,Prankster,66,physical attacker; Protect; Trick Room; Rain Dance
barbaraclemega,Mega Barbaracle,Barbaracle Mega; Barbaracle-Mega; Mega Barbaracle; barbaraclemega; megabarbaracle,ranked_allowed_champions_confirmed,confirmed,True,M-B,confirmed,M-A:needs_check; M-B:confirmed,Rock|Fighting,72,140,130,64,106,88,Tough Claws,71,physical attacker; bulky; Protect; Rain Dance
beedrillmega,Mega Beedrill,Beedrill Mega; Beedrill-Mega; Mega Beedrill; beedrillmega; megabeedrill,ranked_allowed_champions_confirmed,confirmed,True,M-A,needs_check,M-A:confirmed; M-B:needs_check,Bug|Poison,65,150,40,15,80,145,Adaptability,53,fast; physical attacker; Protect
blastoisemega,Mega Blastoise,Blastoise Mega; Blastoise-Mega; Mega Blastoise; blastoisemega; megablastoise,ranked_allowed_champions_confirmed,confirmed,True,M-A,needs_check,M-A:confirmed; M-B:needs_check,Water,79,103,120,135,115,78,Mega Launcher,73,special attacker; bulky; Protect; Fake Out; Rain Dance
blazikenmega,Mega Blaziken,Blaziken Mega; Blaziken-Mega; Mega Blaziken; blazikenmega; megablaziken,ranked_allowed_champions_confirmed,confirmed,True,M-B,confirmed,M-A:needs_check; M-B:confirmed,Fire|Fighting,80,160,80,130,80,100,Speed Boost,78,physical attacker; special attacker; Protect
cameruptmega,Mega Camerupt,Camerupt Mega; Camerupt-Mega; Mega Camerupt; cameruptmega; megacamerupt,ranked_allowed_champions_confirmed,confirmed,True,M-A,needs_check,M-A:confirmed; M-B:needs_check,Fire|Ground,70,120,100,145,105,20,Sheer Force,67,slow/bulky; physical attacker; special attacker; bulky; Protect; Rain Dance
chandeluremega,Mega Chandelure,Chandelure Mega; Chandelure-Mega; Mega Chandelure; chandeluremega; megachandelure,ranked_allowed_champions_confirmed,confirmed,True,M-A,needs_check,M-A:confirmed; M-B:needs_check,Ghost|Fire,60,75,110,175,110,90,Infiltrator,54,special attacker; bulky; Protect; Trick Room
charizardmegax,Mega Charizard X,Charizard X Mega; Charizard X-Mega; Mega Charizard X; charizardmegax; charizardxmega; megacharizardx,ranked_allowed_champions_confirmed,confirmed,True,M-A,needs_check,M-A:confirmed; M-B:needs_check,Fire|Dragon,78,130,111,130,85,100,Tough Claws,72,physical attacker; special attacker; bulky; Protect
charizardmegay,Mega Charizard Y,Charizard Y Mega; Charizard Y-Mega; Mega Charizard Y; charizardmegay; charizardymega; megacharizardy,ranked_allowed_champions_confirmed,confirmed,True,M-A,needs_check,M-A:confirmed; M-B:needs_check,Fire|Flying,78,104,78,159,115,100,Drought,72,special attacker; bulky; Protect
chesnaughtmega,Mega Chesnaught,Chesnaught Mega; Chesnaught-Mega; Mega Chesnaught; chesnaughtmega; megachesnaught,ranked_allowed_champions_confirmed,confirmed,True,M-A,needs_check,M-A:confirmed; M-B:needs_check,Grass|Fighting,88,137,172,74,115,44,Bulletproof,87,slow/bulky; physical attacker; bulky; Protect; Wide Guard; Rain Dance; Reflect
chimechomega,Mega Chimecho,Chimecho Mega; Chimecho-Mega; Mega Chimecho; chimechomega; megachimecho,ranked_allowed_champions_confirmed,confirmed,True,M-A,needs_check,M-A:confirmed; M-B:needs_check,Psychic|Steel,75,50,110,135,120,65,Levitate,65,special attacker; bulky; Protect; Trick Room; Rain Dance; Reflect; Light Screen
clefablemega,Mega Clefable,Clefable Mega; Clefable-Mega; Mega Clefable; clefablemega; megaclefable,ranked_allowed_champions_confirmed,confirmed,True,M-A,needs_check,M-A:confirmed; M-B:needs_check,Fairy|Flying,95,80,93,135,110,70,Magic Bounce,91,special attacker; bulky; Protect; Follow Me; Rain Dance; Reflect; Light Screen
crabominablemega,Mega Crabominable,Crabominable Mega; Crabominable-Mega; Mega Crabominable; crabominablemega; megacrabominable,ranked_allowed_champions_confirmed,confirmed,True,M-A,needs_check,M-A:confirmed; M-B:needs_check,Fighting|Ice,97,157,122,62,107,33,Iron Fist,63,slow/bulky; physical attacker; bulky; Protect; Wide Guard; Rain Dance
delphoxmega,Mega Delphox,Delphox Mega; Delphox-Mega; Mega Delphox; delphoxmega; megadelphox,ranked_allowed_champions_confirmed,confirmed,True,M-A,needs_check,M-A:confirmed; M-B:needs_check,Fire|Psychic,75,69,72,159,125,134,Levitate,72,fast; special attacker; bulky; Protect; Trick Room; Rain Dance; Reflect; Light Screen
dragalgemega,Mega Dragalge,Dragalge Mega; Dragalge-Mega; Mega Dragalge; dragalgemega; megadragalge,ranked_allowed_champions_confirmed,confirmed,True,M-B,confirmed,M-A:needs_check; M-B:confirmed,Poison|Dragon,65,85,105,132,163,44,Regenerator,52,slow/bulky; special attacker; bulky; Protect; Rain Dance
dragonitemega,Mega Dragonite,Dragonite Mega; Dragonite-Mega; Mega Dragonite; dragonitemega; megadragonite,ranked_allowed_champions_confirmed,confirmed,True,M-A,needs_check,M-A:confirmed; M-B:needs_check,Dragon|Flying,91,124,115,145,125,100,Multiscale,83,physical attacker; special attacker; bulky; Protect; Tailwind; Rain Dance; Light Screen
drampamega,Mega Drampa,Drampa Mega; Drampa-Mega; Mega Drampa; drampamega; megadrampa,ranked_allowed_champions_confirmed,confirmed,True,M-A,needs_check,M-A:confirmed; M-B:needs_check,Normal|Dragon,78,85,110,160,116,36,Berserk,66,slow/bulky; special attacker; bulky; Protect; Rain Dance; Light Screen
eelektrossmega,Mega Eelektross,Eelektross Mega; Eelektross-Mega; Mega Eelektross; eelektrossmega; megaeelektross,ranked_allowed_champions_confirmed,confirmed,True,M-B,confirmed,M-A:needs_check; M-B:confirmed,Electric,85,145,80,135,90,80,Eelevate,75,physical attacker; special attacker; Protect; Rain Dance; Light Screen
emboarmega,Mega Emboar,Emboar Mega; Emboar-Mega; Mega Emboar; emboarmega; megaemboar,ranked_allowed_champions_confirmed,confirmed,True,M-A,needs_check,M-A:confirmed; M-B:needs_check,Fire|Fighting,110,148,75,110,110,75,Mold Breaker,79,physical attacker; special attacker; bulky; Protect
excadrillmega,Mega Excadrill,Excadrill Mega; Excadrill-Mega; Mega Excadrill; excadrillmega; megaexcadrill,ranked_allowed_champions_confirmed,confirmed,True,M-A,needs_check,M-A:confirmed; M-B:needs_check,Ground|Steel,110,165,100,65,65,103,Piercing Drill,53,physical attacker; bulky; Protect
falinksmega,Mega Falinks,Falinks Mega; Falinks-Mega; Mega Falinks; falinksmega; megafalinks,ranked_allowed_champions_confirmed,confirmed,True,M-B,confirmed,M-A:needs_check; M-B:confirmed,Fighting,65,135,135,70,65,100,Defiant,51,physical attacker; bulky; Protect; Rain Dance
feraligatrmega,Mega Feraligatr,Feraligatr Mega; Feraligatr-Mega; Mega Feraligatr; feraligatrmega; megaferaligatr,ranked_allowed_champions_confirmed,confirmed,True,M-A,needs_check,M-A:confirmed; M-B:needs_check,Water|Dragon,85,160,125,89,93,78,Dragonize,82,physical attacker; bulky; Protect; Rain Dance
floettemega,Mega Floette,Floette Mega; Floette-Mega; Mega Floette; floettemega; megafloette,ranked_allowed_champions_confirmed,confirmed,True,M-A,needs_check,M-A:confirmed; M-B:needs_check,Fairy,74,85,87,155,148,102,Fairy Aura,41,special attacker; bulky; Protect; Rain Dance; Light Screen
froslassmega,Mega Froslass,Froslass Mega; Froslass-Mega; Mega Froslass; froslassmega; megafroslass,ranked_allowed_champions_confirmed,confirmed,True,M-A,needs_check,M-A:confirmed; M-B:needs_check,Ice|Ghost,70,80,70,140,100,120,Snow Warning,68,fast; special attacker; bulky; Protect; Rain Dance; Reflect; Light Screen
gallademega,Mega Gallade,Gallade Mega; Gallade-Mega; Mega Gallade; gallademega; megagallade,ranked_allowed_champions_confirmed,confirmed,True,M-A,needs_check,M-A:confirmed; M-B:needs_check,Psychic|Fighting,68,165,95,65,115,110,Inner Focus,105,fast; physical attacker; bulky; Protect; Wide Guard; Trick Room; Rain Dance; Reflect
garchompmega,Mega Garchomp,Garchomp Mega; Garchomp-Mega; Mega Garchomp; garchompmega; megagarchomp,ranked_allowed_champions_confirmed,confirmed,True,M-A,needs_check,M-A:confirmed; M-B:needs_check,Dragon|Ground,108,170,115,120,95,92,Sand Force,58,physical attacker; special attacker; bulky; Protect; Rain Dance
gardevoirmega,Mega Gardevoir,Gardevoir Mega; Gardevoir-Mega; Mega Gardevoir; gardevoirmega; megagardevoir,ranked_allowed_champions_confirmed,confirmed,True,M-A,needs_check,M-A:confirmed; M-B:needs_check,Psychic|Fairy,68,85,65,165,135,100,Pixilate,80,special attacker; bulky; Protect; Trick Room; Rain Dance; Reflect; Light Screen
gengarmega,Mega Gengar,Gengar Mega; Gengar-Mega; Mega Gengar; gengarmega; megagengar,ranked_allowed_champions_confirmed,confirmed,True,M-A,needs_check,M-A:confirmed; M-B:needs_check,Ghost|Poison,60,65,80,170,95,130,Shadow Tag,76,fast; special attacker; Protect; Trick Room; Rain Dance
glaliemega,Mega Glalie,Glalie Mega; Glalie-Mega; Mega Glalie; glaliemega; megaglalie,ranked_allowed_champions_confirmed,confirmed,True,M-A,needs_check,M-A:confirmed; M-B:needs_check,Ice,80,120,80,120,80,100,Refrigerate,54,physical attacker; special attacker; Protect; Rain Dance; Light Screen
glimmoramega,Mega Glimmora,Glimmora Mega; Glimmora-Mega; Mega Glimmora; glimmoramega; megaglimmora,ranked_allowed_champions_confirmed,confirmed,True,M-A,needs_check,M-A:confirmed; M-B:needs_check,Rock|Poison,83,90,105,150,96,101,Adaptability,46,special attacker; bulky; Protect; Rain Dance; Reflect; Light Screen
golurkmega,Mega Golurk,Golurk Mega; Golurk-Mega; Mega Golurk; golurkmega; megagolurk,ranked_allowed_champions_confirmed,confirmed,True,M-A,needs_check,M-A:confirmed; M-B:needs_check,Ground|Ghost,89,159,105,70,105,55,Unseen Fist,78,slow/bulky; physical attacker; bulky; Protect; Rain Dance; Reflect
greninjamega,Mega Greninja,Greninja Mega; Greninja-Mega; Mega Greninja; greninjamega; megagreninja,ranked_allowed_champions_confirmed,confirmed,True,M-A,needs_check,M-A:confirmed; M-B:needs_check,Water|Dark,72,125,77,133,81,142,Protean,64,fast; physical attacker; special attacker; Protect; Rain Dance
gyaradosmega,Mega Gyarados,Gyarados Mega; Gyarados-Mega; Mega Gyarados; gyaradosmega; megagyarados,ranked_allowed_champions_confirmed,confirmed,True,M-A,needs_check,M-A:confirmed; M-B:needs_check,Water|Dark,95,155,109,70,130,81,Mold Breaker,67,physical attacker; bulky; Protect; Rain Dance
hawluchamega,Mega Hawlucha,Hawlucha Mega; Hawlucha-Mega; Mega Hawlucha; hawluchamega; megahawlucha,ranked_allowed_champions_confirmed,confirmed,True,M-A,needs_check,M-A:confirmed; M-B:needs_check,Fighting|Flying,78,137,100,74,93,118,No Guard,74,fast; physical attacker; bulky; Protect; Rain Dance
heracrossmega,Mega Heracross,Heracross Mega; Heracross-Mega; Mega Heracross; heracrossmega; megaheracross,ranked_allowed_champions_confirmed,confirmed,True,M-A,needs_check,M-A:confirmed; M-B:needs_check,Bug|Fighting,80,185,115,40,105,75,Skill Link,66,physical attacker; bulky; Protect; Rain Dance
houndoommega,Mega Houndoom,Houndoom Mega; Houndoom-Mega; Mega Houndoom; houndoommega; megahoundoom,ranked_allowed_champions_confirmed,confirmed,True,M-A,needs_check,M-A:confirmed; M-B:needs_check,Dark|Fire,75,90,90,140,90,115,Solar Power,67,fast; special attacker; Protect; Rain Dance
kangaskhanmega,Mega Kangaskhan,Kangaskhan Mega; Kangaskhan-Mega; Mega Kangaskhan; kangaskhanmega; megakangaskhan,ranked_allowed_champions_confirmed,confirmed,True,M-A,needs_check,M-A:confirmed; M-B:needs_check,Normal,105,125,100,60,100,100,Parental Bond,67,physical attacker; bulky; Protect; Fake Out; Rain Dance
lopunnymega,Mega Lopunny,Lopunny Mega; Lopunny-Mega; Mega Lopunny; lopunnymega; megalopunny,ranked_allowed_champions_confirmed,confirmed,True,M-A,needs_check,M-A:confirmed; M-B:needs_check,Normal|Fighting,65,136,94,54,96,135,Scrappy,76,fast; physical attacker; Protect; Fake Out; Rain Dance
lucariomega,Mega Lucario,Lucario Mega; Lucario-Mega; Mega Lucario; lucariomega; megalucario,ranked_allowed_champions_confirmed,confirmed,True,M-A,needs_check,M-A:confirmed; M-B:needs_check,Fighting|Steel,70,145,88,140,70,112,Adaptability,83,fast; physical attacker; special attacker; Protect; Rain Dance
malamarmega,Mega Malamar,Malamar Mega; Malamar-Mega; Mega Malamar; malamarmega; megamalamar,ranked_allowed_champions_confirmed,confirmed,True,M-B,confirmed,M-A:needs_check; M-B:confirmed,Dark|Psychic,86,102,88,98,120,88,Contrary,68,bulky; Protect; Trick Room; Rain Dance; Reflect; Light Screen
manectricmega,Mega Manectric,Manectric Mega; Manectric-Mega; Mega Manectric; manectricmega; megamanectric,ranked_allowed_champions_confirmed,confirmed,True,M-A,needs_check,M-A:confirmed; M-B:needs_check,Electric,70,75,80,135,80,135,Intimidate,49,fast; special attacker; Protect; Rain Dance; Light Screen
mawilemega,Mega Mawile,Mawile Mega; Mawile-Mega; Mega Mawile; mawilemega; megamawile,ranked_allowed_champions_confirmed,confirmed,True,M-B,confirmed,M-A:needs_check; M-B:confirmed,Steel|Fairy,50,105,125,55,95,50,Huge Power,71,slow/bulky; bulky; Protect; Rain Dance
medichammega,Mega Medicham,Medicham Mega; Medicham-Mega; Mega Medicham; medichammega; megamedicham,ranked_allowed_champions_confirmed,confirmed,True,M-A,needs_check,M-A:confirmed; M-B:needs_check,Fighting|Psychic,60,100,85,80,85,100,Pure Power,77,Protect; Fake Out; Trick Room; Rain Dance; Reflect; Light Screen
meganiummega,Mega Meganium,Mega Meganium; Meganium Mega; Meganium-Mega; megameganium; meganiummega,ranked_allowed_champions_confirmed,confirmed,True,M-A,needs_check,M-A:confirmed; M-B:needs_check,Grass|Fairy,80,92,115,143,115,80,Mega Sol,61,special attacker; bulky; Protect; Reflect; Light Screen
meowsticmega,Mega Meowstic,Mega Meowstic; Meowstic Mega; Meowstic-Mega; megameowstic; meowsticmega,ranked_allowed_champions_confirmed,confirmed,True,M-A,needs_check,M-A:confirmed; M-B:needs_check,Psychic,74,48,76,143,101,124,Trace,61,fast; special attacker; bulky; Protect; Fake Out; Trick Room; Rain Dance; Reflect
metagrossmega,Mega Metagross,Mega Metagross; Metagross Mega; Metagross-Mega; megametagross; metagrossmega,ranked_allowed_champions_confirmed,confirmed,True,M-B,confirmed,M-A:needs_check; M-B:confirmed,Steel|Psychic,80,145,150,105,110,110,Tough Claws,68,fast; physical attacker; bulky; Protect; Rain Dance; Reflect; Light Screen
pidgeotmega,Mega Pidgeot,Mega Pidgeot; Pidgeot Mega; Pidgeot-Mega; megapidgeot; pidgeotmega,ranked_allowed_champions_confirmed,confirmed,True,M-A,needs_check,M-A:confirmed; M-B:needs_check,Normal|Flying,83,80,80,135,80,121,No Guard,31,fast; special attacker; Protect; Tailwind; Rain Dance
pinsirmega,Mega Pinsir,Mega Pinsir; Pinsir Mega; Pinsir-Mega; megapinsir; pinsirmega,ranked_allowed_champions_confirmed,confirmed,True,M-A,needs_check,M-A:confirmed; M-B:needs_check,Bug|Flying,65,155,120,65,90,105,Aerilate,53,physical attacker; bulky; Protect; Rain Dance
pyroarmega,Mega Pyroar,Mega Pyroar; Pyroar Mega; Pyroar-Mega; megapyroar; pyroarmega,ranked_allowed_champions_confirmed,confirmed,True,M-B,confirmed,M-A:needs_check; M-B:confirmed,Fire|Normal,86,88,92,129,86,126,Fire Mane,49,fast; special attacker; Protect; Rain Dance
raichumegax,Mega Raichu X,Mega Raichu X; Raichu X Mega; Raichu X-Mega; megaraichux; raichumegax; raichuxmega,ranked_allowed_champions_confirmed,confirmed,True,M-B,confirmed,M-A:needs_check; M-B:confirmed,Electric,60,135,95,90,95,110,Electric Surge,66,fast; physical attacker; Protect; Fake Out; Rain Dance; Reflect; Light Screen
raichumegay,Mega Raichu Y,Mega Raichu Y; Raichu Y Mega; Raichu Y-Mega; megaraichuy; raichumegay; raichuymega,ranked_allowed_champions_confirmed,confirmed,True,M-B,confirmed,M-A:needs_check; M-B:confirmed,Electric,60,100,55,160,80,130,No Guard,66,fast; special attacker; Protect; Fake Out; Rain Dance; Reflect; Light Screen
sableyemega,Mega Sableye,Mega Sableye; Sableye Mega; Sableye-Mega; megasableye; sableyemega,ranked_allowed_champions_confirmed,confirmed,True,M-A,needs_check,M-A:confirmed; M-B:needs_check,Dark|Ghost,50,85,125,85,115,20,Magic Bounce,88,slow/bulky; bulky; Protect; Fake Out; Rain Dance; Reflect; Light Screen
sceptilemega,Mega Sceptile,Mega Sceptile; Sceptile Mega; Sceptile-Mega; megasceptile; sceptilemega,ranked_allowed_champions_confirmed,confirmed,True,M-B,confirmed,M-A:needs_check; M-B:confirmed,Grass|Dragon,70,110,75,145,85,145,Lightning Rod,77,fast; physical attacker; special attacker; Protect
scizormega,Mega Scizor,Mega Scizor; Scizor Mega; Scizor-Mega; megascizor; scizormega,ranked_allowed_champions_confirmed,confirmed,True,M-A,needs_check,M-A:confirmed; M-B:needs_check,Bug|Steel,70,150,140,65,100,75,Technician,64,physical attacker; bulky; Protect; Tailwind; Rain Dance; Light Screen
scolipedemega,Mega Scolipede,Mega Scolipede; Scolipede Mega; Scolipede-Mega; megascolipede; scolipedemega,ranked_allowed_champions_confirmed,confirmed,True,M-B,confirmed,M-A:needs_check; M-B:confirmed,Bug|Poison,60,140,149,75,99,62,Shell Armor,53,physical attacker; bulky; Protect
scovillainmega,Mega Scovillain,Mega Scovillain; Scovillain Mega; Scovillain-Mega; megascovillain; scovillainmega,ranked_allowed_champions_confirmed,confirmed,True,M-A,needs_check,M-A:confirmed; M-B:needs_check,Grass|Fire,65,138,85,138,85,75,Spicy Spray,48,physical attacker; special attacker; Protect
scraftymega,Mega Scrafty,Mega Scrafty; Scrafty Mega; Scrafty-Mega; megascrafty; scraftymega,ranked_allowed_champions_confirmed,confirmed,True,M-B,confirmed,M-A:needs_check; M-B:confirmed,Dark|Fighting,65,130,135,55,135,68,Intimidate,82,physical attacker; bulky; Protect; Fake Out; Rain Dance
sharpedomega,Mega Sharpedo,Mega Sharpedo; Sharpedo Mega; Sharpedo-Mega; megasharpedo; sharpedomega,ranked_allowed_champions_confirmed,confirmed,True,M-A,needs_check,M-A:confirmed; M-B:needs_check,Water|Dark,70,140,70,110,65,105,Strong Jaw,57,physical attacker; special attacker; Protect; Rain Dance
skarmorymega,Mega Skarmory,Mega Skarmory; Skarmory Mega; Skarmory-Mega; megaskarmory; skarmorymega,ranked_allowed_champions_confirmed,confirmed,True,M-A,needs_check,M-A:confirmed; M-B:needs_check,Steel|Flying,65,140,110,40,100,110,Stalwart,51,fast; physical attacker; bulky; Protect; Tailwind
slowbromega,Mega Slowbro,Mega Slowbro; Slowbro Mega; Slowbro-Mega; megaslowbro; slowbromega,ranked_allowed_champions_confirmed,confirmed,True,M-A,needs_check,M-A:confirmed; M-B:needs_check,Water|Psychic,95,75,180,130,80,30,Shell Armor,95,slow/bulky; special attacker; bulky; Protect; Trick Room; Rain Dance; Light Screen
staraptormega,Mega Staraptor,Mega Staraptor; Staraptor Mega; Staraptor-Mega; megastaraptor; staraptormega,ranked_allowed_champions_confirmed,confirmed,True,M-B,confirmed,M-A:needs_check; M-B:confirmed,Fighting|Flying,85,140,100,60,90,110,Contrary,43,fast; physical attacker; bulky; Protect; Tailwind; Rain Dance
starmiemega,Mega Starmie,Mega Starmie; Starmie Mega; Starmie-Mega; megastarmie; starmiemega,ranked_allowed_champions_confirmed,confirmed,True,M-A,needs_check,M-A:confirmed; M-B:needs_check,Water|Psychic,60,100,105,130,105,120,Huge Power,62,fast; special attacker; bulky; Protect; Trick Room; Rain Dance; Reflect; Light Screen
steelixmega,Mega Steelix,Mega Steelix; Steelix Mega; Steelix-Mega; megasteelix; steelixmega,ranked_allowed_champions_confirmed,confirmed,True,M-A,needs_check,M-A:confirmed; M-B:needs_check,Steel|Ground,75,125,230,55,95,30,Sand Force,66,slow/bulky; physical attacker; bulky; Protect; Wide Guard
swampertmega,Mega Swampert,Mega Swampert; Swampert Mega; Swampert-Mega; megaswampert; swampertmega,ranked_allowed_champions_confirmed,confirmed,True,M-B,confirmed,M-A:needs_check; M-B:confirmed,Water|Ground,100,150,110,95,110,70,Swift Swim,77,physical attacker; bulky; Protect; Wide Guard; Rain Dance
tyranitarmega,Mega Tyranitar,Mega Tyranitar; Tyranitar Mega; Tyranitar-Mega; megatyranitar; tyranitarmega,ranked_allowed_champions_confirmed,confirmed,True,M-A,needs_check,M-A:confirmed; M-B:needs_check,Rock|Dark,100,164,150,95,120,71,Sand Stream,92,physical attacker; bulky; Protect; Rain Dance
venusaurmega,Mega Venusaur,Mega Venusaur; Venusaur Mega; Venusaur-Mega; megavenusaur; venusaurmega,ranked_allowed_champions_confirmed,confirmed,True,M-A,needs_check,M-A:confirmed; M-B:needs_check,Grass|Poison,80,100,123,122,120,80,Thick Fat,57,special attacker; bulky; Protect; Light Screen
victreebelmega,Mega Victreebel,Mega Victreebel; Victreebel Mega; Victreebel-Mega; megavictreebel; victreebelmega,ranked_allowed_champions_confirmed,confirmed,True,M-A,needs_check,M-A:confirmed; M-B:needs_check,Grass|Poison,80,125,85,135,95,70,Innards Out,58,physical attacker; special attacker; Protect; Reflect
meganium,Meganium,Meganium; meganium,ranked_allowed_champions_confirmed,confirmed,True,M-A,needs_check,M-A:confirmed; M-B:needs_check,Grass,80,82,100,83,100,80,Overgrow; Leaf Guard,61,bulky; Protect; Reflect; Light Screen
meowscarada,Meowscarada,Meowscarada; meowscarada,ranked_allowed_champions_confirmed,confirmed,True,M-A,needs_check,M-A:confirmed; M-B:needs_check,Grass|Dark,76,110,70,81,70,123,Overgrow; Protean,65,fast; physical attacker; Protect; Trick Room
meowstic,Meowstic,Meowstic; meowstic,ranked_allowed_champions_confirmed,confirmed,True,M-A,needs_check,M-A:confirmed; M-B:needs_check,Psychic,74,48,76,83,81,104,Competitive; Keen Eye; Infiltrator; Prankster,61,Protect; Fake Out; Trick Room; Rain Dance; Reflect; Light Screen
meowsticfemale,Meowstic (Female),Meowstic (Female); Meowstic Female; Meowstic-Female; meowsticfemale,ranked_allowed_champions_confirmed,confirmed,True,M-A,needs_check,M-A:confirmed; M-B:needs_check,Psychic,74,48,76,83,81,104,Keen Eye; Infiltrator; Competitive,56,Protect; Fake Out; Trick Room; Rain Dance; Reflect; Light Screen
metagross,Metagross,Metagross; metagross,ranked_allowed_champions_confirmed,confirmed,True,M-B,confirmed,M-A:needs_check; M-B:confirmed,Steel|Psychic,80,135,130,95,90,70,Clear Body; Light Metal,68,physical attacker; bulky; Protect; Rain Dance; Reflect; Light Screen
milotic,Milotic,Milotic; milotic,ranked_allowed_champions_confirmed,confirmed,True,M-A,needs_check,M-A:confirmed; M-B:needs_check,Water,95,60,79,100,125,81,Marvel Scale; Competitive; Cute Charm,61,bulky; Protect; Rain Dance; Light Screen
mimikyu,Mimikyu,Mimikyu; mimikyu,ranked_allowed_champions_confirmed,confirmed,True,M-A,needs_check,M-A:confirmed; M-B:needs_check,Ghost|Fairy,55,90,80,50,105,96,Disguise,60,bulky; Protect; Trick Room; Rain Dance; Light Screen
morpeko,Morpeko,Morpeko; morpeko,ranked_allowed_champions_confirmed,confirmed,True,M-A,needs_check,M-A:confirmed; M-B:needs_check,Electric|Dark,58,95,58,70,58,97,Hunger Switch,65,Protect; Fake Out
rotommow,Mow Rotom,Mow Rotom; mowrotom; rotommow,ranked_allowed_champions_confirmed,confirmed,True,M-A,needs_check,M-A:confirmed; M-B:needs_check,Electric|Grass,50,65,107,105,107,86,Levitate,66,bulky; Protect; Rain Dance; Reflect; Light Screen
mrrime,Mr. Rime,Mr. Rime; mrrime,ranked_allowed_champions_confirmed,confirmed,True,M-A,needs_check,M-A:confirmed; M-B:needs_check,Ice|Psychic,80,85,75,110,100,70,Tangled Feet; Screen Cleaner; Ice Body,93,special attacker; bulky; Protect; Fake Out; Trick Room; Rain Dance; Reflect; Light Screen
mudsdale,Mudsdale,Mudsdale; mudsdale,ranked_allowed_champions_confirmed,confirmed,True,M-A,needs_check,M-A:confirmed; M-B:needs_check,Ground,100,125,100,55,85,35,Own Tempo; Stamina; Inner Focus,45,slow/bulky; physical attacker; bulky; Protect
musharna,Musharna,Musharna; musharna,ranked_allowed_champions_confirmed,confirmed,True,M-B,confirmed,M-A:needs_check; M-B:confirmed,Psychic,116,55,85,107,95,29,Forewarn; Synchronize; Telepathy,50,slow/bulky; bulky; Protect; Trick Room; Rain Dance; Reflect; Light Screen
ninetales,Ninetales,Ninetales; ninetales,ranked_allowed_champions_confirmed,confirmed,True,M-A,needs_check,M-A:confirmed; M-B:needs_check,Fire,73,76,75,81,100,100,Flash Fire; Drought,85,bulky; Protect; Rain Dance
noivern,Noivern,Noivern; noivern,ranked_allowed_champions_confirmed,confirmed,True,M-A,needs_check,M-A:confirmed; M-B:needs_check,Flying|Dragon,85,70,80,97,80,123,Frisk; Infiltrator; Telepathy,64,fast; Protect; Tailwind
oranguru,Oranguru,Oranguru; oranguru,ranked_allowed_champions_confirmed,confirmed,True,M-A,needs_check,M-A:confirmed; M-B:needs_check,Normal|Psychic,90,60,80,90,110,60,Inner Focus; Telepathy; Symbiosis,64,slow/bulky; bulky; Protect; Trick Room; Rain Dance; Reflect; Light Screen
orthworm,Orthworm,Orthworm; orthworm,ranked_allowed_champions_confirmed,confirmed,True,M-A,needs_check,M-A:confirmed; M-B:needs_check,Steel,70,85,145,60,55,65,Earth Eater; Sand Veil,40,bulky; Protect
overqwil,Overqwil,Overqwil; overqwil,ranked_allowed_champions_confirmed,confirmed,True,M-B,confirmed,M-A:needs_check; M-B:confirmed,Dark|Poison,85,115,95,65,65,85,Poison Point; Swift Swim; Intimidate,60,physical attacker; Protect; Rain Dance
palafin,Palafin,Palafin; palafin,ranked_allowed_champions_confirmed,confirmed,True,M-A,needs_check,M-A:confirmed; M-B:needs_check,Water,100,70,72,53,62,100,Zero to Hero,58,bulky; Protect; Rain Dance
taurospaldea,Paldean Tauros - Combat Breed,Paldean Tauros - Combat Breed; paldeantauroscombatbreed; taurospaldea,ranked_allowed_champions_confirmed,confirmed,True,M-A,needs_check,M-A:confirmed; M-B:needs_check,Fighting,75,110,105,30,70,100,Intimidate; Anger Point; Cud Chew,63,physical attacker; bulky; Protect; Rain Dance
pangoro,Pangoro,Pangoro; pangoro,ranked_allowed_champions_confirmed,confirmed,True,M-A,needs_check,M-A:confirmed; M-B:needs_check,Fighting|Dark,95,124,78,69,71,58,Iron Fist; Mold Breaker; Scrappy,80,slow/bulky; physical attacker; bulky; Protect; Rain Dance
passimian,Passimian,Passimian; passimian,ranked_allowed_champions_confirmed,confirmed,True,M-A,needs_check,M-A:confirmed; M-B:needs_check,Fighting,100,120,90,40,60,80,Receiver; Defiant,66,physical attacker; bulky; Protect; Rain Dance
pelipper,Pelipper,Pelipper; pelipper,ranked_allowed_champions_confirmed,confirmed,True,M-A,needs_check,M-A:confirmed; M-B:needs_check,Water|Flying,60,50,100,95,70,65,Keen Eye; Drizzle; Rain Dish,53,bulky; Protect; Wide Guard; Tailwind; Rain Dance
pidgeot,Pidgeot,Pidgeot; pidgeot,ranked_allowed_champions_confirmed,confirmed,True,M-A,needs_check,M-A:confirmed; M-B:needs_check,Normal|Flying,83,80,75,70,70,101,Keen Eye; Tangled Feet; Big Pecks,31,Protect; Tailwind; Rain Dance
pikachu,Pikachu,Pikachu; pikachu,ranked_allowed_champions_confirmed,confirmed,True,M-A,needs_check,M-A:confirmed; M-B:needs_check,Electric,35,55,40,50,50,90,Static; Lightning Rod,60,Protect; Fake Out; Rain Dance; Reflect; Light Screen
pinsir,Pinsir,Pinsir; pinsir,ranked_allowed_champions_confirmed,confirmed,True,M-A,needs_check,M-A:confirmed; M-B:needs_check,Bug,65,125,100,55,70,85,Hyper Cutter; Mold Breaker; Moxie,53,physical attacker; bulky; Protect; Rain Dance
politoed,Politoed,Politoed; politoed,ranked_allowed_champions_confirmed,confirmed,True,M-A,needs_check,M-A:confirmed; M-B:needs_check,Water,90,75,75,90,100,70,Water Absorb; Damp; Drizzle,57,bulky; Protect; Rain Dance
polteageist,Polteageist,Polteageist; polteageist,ranked_allowed_champions_confirmed,confirmed,True,M-A,needs_check,M-A:confirmed; M-B:needs_check,Ghost,60,65,65,134,114,70,Weak Armor; Cursed Body,46,special attacker; bulky; Protect; Trick Room; Reflect; Light Screen
primarina,Primarina,Primarina; primarina,ranked_allowed_champions_confirmed,confirmed,True,M-A,needs_check,M-A:confirmed; M-B:needs_check,Water|Fairy,80,74,74,126,116,60,Torrent; Liquid Voice,63,slow/bulky; special attacker; bulky; Protect; Rain Dance; Reflect; Light Screen
pyroar,Pyroar,Pyroar; pyroar,ranked_allowed_champions_confirmed,confirmed,True,M-B,confirmed,M-A:needs_check; M-B:confirmed,Fire|Normal,86,68,72,109,66,106,Rivalry; Unnerve; Moxie,49,Protect; Rain Dance
quaquaval,Quaquaval,Quaquaval; quaquaval,ranked_allowed_champions_confirmed,confirmed,True,M-A,needs_check,M-A:confirmed; M-B:needs_check,Water|Fighting,85,120,80,85,75,85,Torrent; Moxie,59,physical attacker; Protect; Rain Dance
qwilfish,Qwilfish,Qwilfish; qwilfish,ranked_allowed_champions_confirmed,confirmed,True,M-B,confirmed,M-A:needs_check; M-B:confirmed,Water|Poison,65,95,85,55,55,85,Poison Point; Swift Swim; Intimidate,64,Protect; Rain Dance
raichu,Raichu,Raichu; raichu,ranked_allowed_champions_confirmed,confirmed,True,M-A; M-B,confirmed,M-A:confirmed; M-B:confirmed,Electric,60,90,55,90,80,110,Static; Lightning Rod; Surge Surfer,66,fast; Protect; Fake Out; Rain Dance; Reflect; Light Screen
rampardos,Rampardos,Rampardos; rampardos,ranked_allowed_champions_confirmed,confirmed,True,M-A,needs_check,M-A:confirmed; M-B:needs_check,Rock,97,165,60,65,50,58,Mold Breaker; Sheer Force,74,slow/bulky; physical attacker; bulky; Protect; Rain Dance
reuniclus,Reuniclus,Reuniclus; reuniclus,ranked_allowed_champions_confirmed,confirmed,True,M-A,needs_check,M-A:confirmed; M-B:needs_check,Psychic,110,65,75,125,85,30,Overcoat; Magic Guard; Regenerator,66,slow/bulky; special attacker; bulky; Protect; Trick Room; Rain Dance; Reflect; Light Screen
rhyperior,Rhyperior,Rhyperior; rhyperior,ranked_allowed_champions_confirmed,confirmed,True,M-A,needs_check,M-A:confirmed; M-B:needs_check,Ground|Rock,115,140,130,55,55,40,Lightning Rod; Solid Rock; Reckless,91,slow/bulky; physical attacker; bulky; Protect; Rain Dance
roserade,Roserade,Roserade; roserade,ranked_allowed_champions_confirmed,confirmed,True,M-A,needs_check,M-A:confirmed; M-B:needs_check,Grass|Poison,60,70,65,125,105,90,Natural Cure; Poison Point; Technician,51,special attacker; bulky; Protect; Rain Dance
rotom,Rotom,Rotom; rotom,ranked_allowed_champions_confirmed,confirmed,True,M-A,needs_check,M-A:confirmed; M-B:needs_check,Electric|Ghost,50,50,77,95,77,91,Levitate,47,Protect; Rain Dance; Reflect; Light Screen
runerigus,Runerigus,Runerigus; runerigus,ranked_allowed_champions_confirmed,confirmed,True,M-A,needs_check,M-A:confirmed; M-B:needs_check,Ground|Ghost,58,95,145,50,105,30,Wandering Spirit,69,slow/bulky; bulky; Protect; Trick Room; Rain Dance
sableye,Sableye,Sableye; sableye,ranked_allowed_champions_confirmed,confirmed,True,M-A,needs_check,M-A:confirmed; M-B:needs_check,Dark|Ghost,50,75,75,65,65,50,Keen Eye; Stall; Prankster,88,slow/bulky; Protect; Fake Out; Rain Dance; Reflect; Light Screen
salazzle,Salazzle,Salazzle; salazzle,ranked_allowed_champions_confirmed,confirmed,True,M-A,needs_check,M-A:confirmed; M-B:needs_check,Poison|Fire,68,64,60,111,60,117,Corrosion; Oblivious,70,fast; special attacker; Protect; Fake Out
samurott,Samurott,Samurott; samurott,ranked_allowed_champions_confirmed,confirmed,True,M-A,needs_check,M-A:confirmed; M-B:needs_check,Water,95,100,85,108,70,70,Torrent; Shell Armor,67,bulky; Protect; Rain Dance
sandaconda,Sandaconda,Sandaconda; sandaconda,ranked_allowed_champions_confirmed,confirmed,True,M-A,needs_check,M-A:confirmed; M-B:needs_check,Ground,72,107,125,65,70,71,Sand Spit; Shed Skin; Sand Veil,48,bulky; Protect
sceptile,Sceptile,Sceptile; sceptile,ranked_allowed_champions_confirmed,confirmed,True,M-B,confirmed,M-A:needs_check; M-B:confirmed,Grass,70,85,65,105,85,120,Overgrow; Unburden,77,fast; Protect
scizor,Scizor,Scizor; scizor,ranked_allowed_champions_confirmed,confirmed,True,M-A,needs_check,M-A:confirmed; M-B:needs_check,Bug|Steel,70,130,100,55,80,65,Swarm; Technician; Light Metal,64,physical attacker; bulky; Protect; Tailwind; Rain Dance; Light Screen
scolipede,Scolipede,Scolipede; scolipede,ranked_allowed_champions_confirmed,confirmed,True,M-B,confirmed,M-A:needs_check; M-B:confirmed,Bug|Poison,60,100,89,55,69,112,Poison Point; Swarm; Speed Boost,53,fast; Protect
scovillain,Scovillain,Scovillain; scovillain,ranked_allowed_champions_confirmed,confirmed,True,M-A,needs_check,M-A:confirmed; M-B:needs_check,Grass|Fire,65,108,65,108,65,75,Chlorophyll; Insomnia; Moody,48,Protect
scrafty,Scrafty,Scrafty; scrafty,ranked_allowed_champions_confirmed,confirmed,True,M-B,confirmed,M-A:needs_check; M-B:confirmed,Dark|Fighting,65,90,115,45,115,58,Shed Skin; Moxie; Intimidate,82,slow/bulky; bulky; Protect; Fake Out; Rain Dance
serperior,Serperior,Serperior; serperior,ranked_allowed_champions_confirmed,confirmed,True,M-A,needs_check,M-A:confirmed; M-B:needs_check,Grass,75,75,95,75,95,113,Overgrow; Contrary,53,fast; Protect; Reflect; Light Screen
sharpedo,Sharpedo,Sharpedo; sharpedo,ranked_allowed_champions_confirmed,confirmed,True,M-A,needs_check,M-A:confirmed; M-B:needs_check,Water|Dark,70,120,40,95,40,95,Rough Skin; Speed Boost,57,physical attacker; Protect; Rain Dance
simipour,Simipour,Simipour; simipour,ranked_allowed_champions_confirmed,confirmed,True,M-A,needs_check,M-A:confirmed; M-B:needs_check,Water,75,98,63,98,63,101,Gluttony; Torrent,52,Protect; Fake Out; Rain Dance
simisage,Simisage,Simisage; simisage,ranked_allowed_champions_confirmed,confirmed,True,M-A,needs_check,M-A:confirmed; M-B:needs_check,Grass,75,98,63,98,63,101,Gluttony; Overgrow,50,Protect; Fake Out
simisear,Simisear,Simisear; simisear,ranked_allowed_champions_confirmed,confirmed,True,M-A,needs_check,M-A:confirmed; M-B:needs_check,Fire,75,98,63,98,63,101,Gluttony; Blaze,55,Protect; Fake Out
sinistcha,Sinistcha,Sinistcha; sinistcha,ranked_allowed_champions_confirmed,confirmed,True,M-A,needs_check,M-A:confirmed; M-B:needs_check,Grass|Ghost,71,60,106,121,80,70,Hospitality; Heatproof,35,special attacker; bulky; Protect; Trick Room; Reflect
skarmory,Skarmory,Skarmory; skarmory,ranked_allowed_champions_confirmed,confirmed,True,M-A,needs_check,M-A:confirmed; M-B:needs_check,Steel|Flying,65,80,140,40,70,70,Keen Eye; Sturdy; Weak Armor,51,bulky; Protect; Tailwind
skeledirge,Skeledirge,Skeledirge; skeledirge,ranked_allowed_champions_confirmed,confirmed,True,M-A,needs_check,M-A:confirmed; M-B:needs_check,Fire|Ghost,104,75,100,110,75,66,Blaze; Unaware,56,special attacker; bulky; Protect
slowbro,Slowbro,Slowbro; slowbro,ranked_allowed_champions_confirmed,confirmed,True,M-A,needs_check,M-A:confirmed; M-B:needs_check,Water|Psychic,95,75,110,100,80,30,Oblivious; Own Tempo; Regenerator,95,slow/bulky; bulky; Protect; Trick Room; Rain Dance; Light Screen
slowking,Slowking,Slowking; slowking,ranked_allowed_champions_confirmed,confirmed,True,M-A,needs_check,M-A:confirmed; M-B:needs_check,Water|Psychic,95,75,80,100,110,30,Oblivious; Own Tempo; Regenerator,100,slow/bulky; bulky; Protect; Trick Room; Rain Dance; Reflect; Light Screen
slurpuff,Slurpuff,Slurpuff; slurpuff,ranked_allowed_champions_confirmed,confirmed,True,M-A,needs_check,M-A:confirmed; M-B:needs_check,Fairy,82,80,86,85,75,72,Sweet Veil; Unburden,42,Protect; Rain Dance; Light Screen
sneasler,Sneasler,Sneasler; sneasler,ranked_allowed_champions_confirmed,confirmed,True,M-A,needs_check,M-A:confirmed; M-B:needs_check,Fighting|Poison,80,130,60,40,80,120,Pressure; Unburden; Poison Touch,61,fast; physical attacker; Protect; Fake Out; Rain Dance
snorlax,Snorlax,Snorlax; snorlax,ranked_allowed_champions_confirmed,confirmed,True,M-A,needs_check,M-A:confirmed; M-B:needs_check,Normal,160,110,65,65,110,30,Immunity; Thick Fat; Gluttony,83,slow/bulky; physical attacker; bulky; Protect; Rain Dance
spiritomb,Spiritomb,Spiritomb; spiritomb,ranked_allowed_champions_confirmed,confirmed,True,M-A,needs_check,M-A:confirmed; M-B:needs_check,Ghost|Dark,50,92,108,92,108,35,Pressure; Infiltrator,54,slow/bulky; bulky; Protect; Trick Room; Rain Dance
staraptor,Staraptor,Staraptor; staraptor,ranked_allowed_champions_confirmed,confirmed,True,M-B,confirmed,M-A:needs_check; M-B:confirmed,Normal|Flying,85,120,70,50,60,100,Intimidate; Reckless,43,physical attacker; Protect; Tailwind; Rain Dance
starmie,Starmie,Starmie; starmie,ranked_allowed_champions_confirmed,confirmed,True,M-A,needs_check,M-A:confirmed; M-B:needs_check,Water|Psychic,60,75,85,100,85,115,Illuminate; Natural Cure; Analytic,62,fast; Protect; Trick Room; Rain Dance; Reflect; Light Screen
steelix,Steelix,Steelix; steelix,ranked_allowed_champions_confirmed,confirmed,True,M-A,needs_check,M-A:confirmed; M-B:needs_check,Steel|Ground,75,85,200,55,65,30,Rock Head; Sturdy; Sheer Force,66,slow/bulky; bulky; Protect; Wide Guard
stunfisk,Stunfisk,Stunfisk; stunfisk,ranked_allowed_champions_confirmed,confirmed,True,M-A,needs_check,M-A:confirmed; M-B:needs_check,Ground|Electric,109,66,84,81,99,32,Static; Limber; Sand Veil,59,slow/bulky; bulky; Protect; Rain Dance
swampert,Swampert,Swampert; swampert,ranked_allowed_champions_confirmed,confirmed,True,M-B,confirmed,M-A:needs_check; M-B:confirmed,Water|Ground,100,110,90,85,90,60,Torrent; Damp,77,slow/bulky; physical attacker; bulky; Protect; Wide Guard; Rain Dance
sylveon,Sylveon,Sylveon; sylveon,ranked_allowed_champions_confirmed,confirmed,True,M-A,needs_check,M-A:confirmed; M-B:needs_check,Fairy,95,65,65,110,130,60,Cute Charm; Pixilate,55,slow/bulky; special attacker; bulky; Protect; Rain Dance; Reflect; Light Screen
talonflame,Talonflame,Talonflame; talonflame,ranked_allowed_champions_confirmed,confirmed,True,M-A,needs_check,M-A:confirmed; M-B:needs_check,Fire|Flying,78,81,71,74,69,126,Flame Body; Gale Wings,50,fast; Protect; Tailwind; Rain Dance
tauros,Tauros,Tauros; tauros,ranked_allowed_champions_confirmed,confirmed,True,M-A,needs_check,M-A:confirmed; M-B:needs_check,Normal,75,100,95,40,70,110,Intimidate; Anger Point; Sheer Force,72,fast; Protect; Rain Dance
taurospaldeaaquabreed,Tauros - Paldea Aqua Breed,Tauros - Paldea Aqua Breed; taurospaldeaaquabreed,ranked_allowed_champions_confirmed,confirmed,True,M-A,needs_check,M-A:confirmed; M-B:needs_check,Fighting|Water,75,110,105,30,70,100,Intimidate; Anger Point; Cud Chew,52,physical attacker; bulky; Protect; Rain Dance
taurospaldeablazebreed,Tauros - Paldea Blaze Breed,Tauros - Paldea Blaze Breed; taurospaldeablazebreed,ranked_allowed_champions_confirmed,confirmed,True,M-A,needs_check,M-A:confirmed; M-B:needs_check,Fighting|Fire,75,110,105,30,70,100,Intimidate; Anger Point; Cud Chew,53,physical attacker; bulky; Protect; Rain Dance
tinkaton,Tinkaton,Tinkaton; tinkaton,ranked_allowed_champions_confirmed,confirmed,True,M-A,needs_check,M-A:confirmed; M-B:needs_check,Fairy|Steel,85,75,77,70,105,94,Mold Breaker; Own Tempo; Pickpocket,47,bulky; Protect; Fake Out; Reflect; Light Screen
torkoal,Torkoal,Torkoal; torkoal,ranked_allowed_champions_confirmed,confirmed,True,M-A,needs_check,M-A:confirmed; M-B:needs_check,Fire,70,85,140,85,70,20,White Smoke; Drought; Shell Armor,57,slow/bulky; bulky; Protect
torterra,Torterra,Torterra; torterra,ranked_allowed_champions_confirmed,confirmed,True,M-A,needs_check,M-A:confirmed; M-B:needs_check,Grass|Ground,95,109,105,75,85,56,Overgrow; Shell Armor,72,slow/bulky; bulky; Protect; Wide Guard; Reflect; Light Screen
toucannon,Toucannon,Toucannon; toucannon,ranked_allowed_champions_confirmed,confirmed,True,M-A,needs_check,M-A:confirmed; M-B:needs_check,Normal|Flying,80,120,75,75,75,60,Keen Eye; Skill Link; Sheer Force,53,slow/bulky; physical attacker; Protect; Tailwind
toxapex,Toxapex,Toxapex; toxapex,ranked_allowed_champions_confirmed,confirmed,True,M-A,needs_check,M-A:confirmed; M-B:needs_check,Poison|Water,50,63,152,53,142,35,Merciless; Limber; Regenerator,51,slow/bulky; bulky; Protect; Wide Guard; Rain Dance; Light Screen
toxicroak,Toxicroak,Toxicroak; toxicroak,ranked_allowed_champions_confirmed,confirmed,True,M-A,needs_check,M-A:confirmed; M-B:needs_check,Poison|Fighting,83,106,65,86,65,85,Anticipation; Dry Skin; Poison Touch,81,Protect; Fake Out; Rain Dance
trevenant,Trevenant,Trevenant; trevenant,ranked_allowed_champions_confirmed,confirmed,True,M-A,needs_check,M-A:confirmed; M-B:needs_check,Ghost|Grass,85,110,76,65,82,56,Natural Cure; Frisk; Harvest,72,slow/bulky; physical attacker; Protect; Trick Room; Rain Dance; Reflect
tsareena,Tsareena,Tsareena; tsareena,ranked_allowed_champions_confirmed,confirmed,True,M-A,needs_check,M-A:confirmed; M-B:needs_check,Grass,72,120,98,50,98,72,Leaf Guard; Queenly Majesty; Sweet Veil,54,physical attacker; Protect; Reflect; Light Screen
typhlosion,Typhlosion,Typhlosion; typhlosion,ranked_allowed_champions_confirmed,confirmed,True,M-A,needs_check,M-A:confirmed; M-B:needs_check,Fire,78,84,78,109,85,100,Blaze; Flash Fire,71,Protect
tyranitar,Tyranitar,Tyranitar; tyranitar,ranked_allowed_champions_confirmed,confirmed,True,M-A,needs_check,M-A:confirmed; M-B:needs_check,Rock|Dark,100,134,110,95,100,61,Sand Stream; Unnerve,92,physical attacker; bulky; Protect; Rain Dance
tyrantrum,Tyrantrum,Tyrantrum; tyrantrum,ranked_allowed_champions_confirmed,confirmed,True,M-A,needs_check,M-A:confirmed; M-B:needs_check,Rock|Dragon,82,121,119,69,59,71,Strong Jaw; Rock Head,64,physical attacker; bulky; Protect
umbreon,Umbreon,Umbreon; umbreon,ranked_allowed_champions_confirmed,confirmed,True,M-A,needs_check,M-A:confirmed; M-B:needs_check,Dark,95,65,110,60,130,65,Synchronize; Inner Focus,67,bulky; Protect; Rain Dance; Reflect; Light Screen
vanilluxe,Vanilluxe,Vanilluxe; vanilluxe,ranked_allowed_champions_confirmed,confirmed,True,M-A,needs_check,M-A:confirmed; M-B:needs_check,Ice,71,95,85,110,95,79,Ice Body; Snow Warning; Weak Armor,41,special attacker; Protect; Rain Dance; Light Screen
vaporeon,Vaporeon,Vaporeon; vaporeon,ranked_allowed_champions_confirmed,confirmed,True,M-A,needs_check,M-A:confirmed; M-B:needs_check,Water,130,65,60,110,95,65,Water Absorb; Hydration,59,special attacker; bulky; Protect; Rain Dance
venusaur,Venusaur,Venusaur; venusaur,ranked_allowed_champions_confirmed,confirmed,True,M-A,needs_check,M-A:confirmed; M-B:needs_check,Grass|Poison,80,82,83,100,100,80,Overgrow; Chlorophyll,57,bulky; Protect; Light Screen
victreebel,Victreebel,Victreebel; victreebel,ranked_allowed_champions_confirmed,confirmed,True,M-A,needs_check,M-A:confirmed; M-B:needs_check,Grass|Poison,80,105,65,100,70,70,Chlorophyll; Gluttony,58,Protect; Reflect
vileplume,Vileplume,Vileplume; vileplume,ranked_allowed_champions_confirmed,confirmed,True,M-B,confirmed,M-A:needs_check; M-B:confirmed,Grass|Poison,75,80,85,110,90,50,Chlorophyll; Effect Spore,54,slow/bulky; special attacker; Protect
vivillon,Vivillon,Vivillon; vivillon,ranked_allowed_champions_confirmed,confirmed,True,M-A,needs_check,M-A:confirmed; M-B:needs_check,Bug|Flying,80,52,50,90,50,89,Shield Dust; Friend Guard,43,Protect; Tailwind; Rain Dance; Light Screen
volcarona,Volcarona,Volcarona; volcarona,ranked_allowed_champions_confirmed,confirmed,True,M-A,needs_check,M-A:confirmed; M-B:needs_check,Bug|Fire,85,60,65,135,105,100,Flame Body; Swarm,57,special attacker; bulky; Protect; Tailwind; Rain Dance; Light Screen
rotomwash,Wash Rotom,Wash Rotom; rotomwash; washrotom,ranked_allowed_champions_confirmed,confirmed,True,M-A,needs_check,M-A:confirmed; M-B:needs_check,Electric|Water,50,65,107,105,107,86,Levitate,66,bulky; Protect; Rain Dance; Reflect; Light Screen
watchog,Watchog,Watchog; watchog,ranked_allowed_champions_confirmed,confirmed,True,M-A,needs_check,M-A:confirmed; M-B:needs_check,Normal,60,85,69,60,69,77,Illuminate; Keen Eye; Analytic,52,Protect; Rain Dance; Light Screen
weavile,Weavile,Weavile; weavile,ranked_allowed_champions_confirmed,confirmed,True,M-A,needs_check,M-A:confirmed; M-B:needs_check,Dark|Ice,70,120,65,45,85,125,Pressure; Pickpocket,72,fast; physical attacker; Protect; Fake Out; Rain Dance; Reflect
whimsicott,Whimsicott,Whimsicott; whimsicott,ranked_allowed_champions_confirmed,confirmed,True,M-A,needs_check,M-A:confirmed; M-B:needs_check,Grass|Fairy,60,67,85,77,75,116,Prankster; Infiltrator; Chlorophyll,50,fast; Protect; Tailwind; Trick Room; Light Screen
wyrdeer,Wyrdeer,Wyrdeer; wyrdeer,ranked_allowed_champions_confirmed,confirmed,True,M-A,needs_check,M-A:confirmed; M-B:needs_check,Normal|Psychic,103,105,72,105,75,65,Intimidate; Frisk; Sap Sipper,61,bulky; Protect; Trick Room; Rain Dance; Reflect; Light Screen
zoroark,Zoroark,Zoroark; zoroark,ranked_allowed_champions_confirmed,confirmed,True,M-A,needs_check,M-A:confirmed; M-B:needs_check,Dark,60,105,60,120,60,105,Illusion,80,special attacker; Protect; Rain Dance
